 ,Mean,BG,Mean-BG,Area,Slice,Channel,Filename,Condition
1,478.93,106.33,372.61,259697,0,FKBPTagPOI,01-Registered,postRapalog_ATG9_DAGLB/
2,172.71,106.33,66.38,299132,1,FKBPTagPOI,01-Registered,postRapalog_ATG9_DAGLB/
3,1822.52,111.39,1711.13,259697,0,ATG9Cargo,01-Registered,postRapalog_ATG9_DAGLB/
4,736.75,111.39,625.36,299132,1,ATG9Cargo,01-Registered,postRapalog_ATG9_DAGLB/
5,586.83,105.75,481.08,171328,0,FKBPTagPOI,02-Registered,postRapalog_ATG9_DAGLB/
6,232.01,105.75,126.26,216485,1,FKBPTagPOI,02-Registered,postRapalog_ATG9_DAGLB/
7,1498.25,107.85,1390.40,171328,0,ATG9Cargo,02-Registered,postRapalog_ATG9_DAGLB/
8,678.68,107.85,570.84,216485,1,ATG9Cargo,02-Registered,postRapalog_ATG9_DAGLB/
9,452.03,106.17,345.86,278824,0,FKBPTagPOI,03-Registered,postRapalog_ATG9_DAGLB/
10,170.87,106.17,64.69,331668,1,FKBPTagPOI,03-Registered,postRapalog_ATG9_DAGLB/
11,1001.16,112.00,889.16,278824,0,ATG9Cargo,03-Registered,postRapalog_ATG9_DAGLB/
12,442.37,112.00,330.36,331668,1,ATG9Cargo,03-Registered,postRapalog_ATG9_DAGLB/
13,2047.42,106.40,1941.02,109838,0,FKBPTagPOI,04-Registered,postRapalog_ATG9_DAGLB/
14,404.52,106.40,298.12,179296,1,FKBPTagPOI,04-Registered,postRapalog_ATG9_DAGLB/
15,3103.36,109.43,2993.93,109838,0,ATG9Cargo,04-Registered,postRapalog_ATG9_DAGLB/
16,985.04,109.43,875.62,179296,1,ATG9Cargo,04-Registered,postRapalog_ATG9_DAGLB/
17,952.04,105.43,846.62,221262,0,FKBPTagPOI,05-Registered,postRapalog_ATG9_DAGLB/
18,278.74,105.43,173.32,319984,1,FKBPTagPOI,05-Registered,postRapalog_ATG9_DAGLB/
19,1295.93,107.22,1188.71,221262,0,ATG9Cargo,05-Registered,postRapalog_ATG9_DAGLB/
20,532.24,107.22,425.02,319984,1,ATG9Cargo,05-Registered,postRapalog_ATG9_DAGLB/
21,537.80,105.42,432.38,189277,0,FKBPTagPOI,06-Registered,postRapalog_ATG9_DAGLB/
22,263.19,105.42,157.78,266699,1,FKBPTagPOI,06-Registered,postRapalog_ATG9_DAGLB/
23,1703.86,107.45,1596.41,189277,0,ATG9Cargo,06-Registered,postRapalog_ATG9_DAGLB/
24,1040.66,107.45,933.21,266699,1,ATG9Cargo,06-Registered,postRapalog_ATG9_DAGLB/
25,601.13,106.09,495.03,233102,0,FKBPTagPOI,07-Registered,postRapalog_ATG9_DAGLB/
26,239.45,106.09,133.36,260083,1,FKBPTagPOI,07-Registered,postRapalog_ATG9_DAGLB/
27,1227.24,109.51,1117.73,233102,0,ATG9Cargo,07-Registered,postRapalog_ATG9_DAGLB/
28,759.36,109.51,649.85,260083,1,ATG9Cargo,07-Registered,postRapalog_ATG9_DAGLB/
29,226.87,105.80,121.07,271580,0,FKBPTagPOI,08-Registered,postRapalog_ATG9_DAGLB/
30,136.58,105.80,30.78,280643,1,FKBPTagPOI,08-Registered,postRapalog_ATG9_DAGLB/
31,825.27,109.04,716.23,271580,0,ATG9Cargo,08-Registered,postRapalog_ATG9_DAGLB/
32,519.24,109.04,410.20,280643,1,ATG9Cargo,08-Registered,postRapalog_ATG9_DAGLB/
33,1087.27,105.43,981.84,238193,0,FKBPTagPOI,09-Registered,postRapalog_ATG9_DAGLB/
34,316.46,105.43,211.03,316283,1,FKBPTagPOI,09-Registered,postRapalog_ATG9_DAGLB/
35,1979.97,108.31,1871.67,238193,0,ATG9Cargo,09-Registered,postRapalog_ATG9_DAGLB/
36,882.21,108.31,773.90,316283,1,ATG9Cargo,09-Registered,postRapalog_ATG9_DAGLB/
37,780.30,105.90,674.40,140379,0,FKBPTagPOI,10-Registered,postRapalog_ATG9_DAGLB/
38,235.40,105.90,129.49,153697,1,FKBPTagPOI,10-Registered,postRapalog_ATG9_DAGLB/
39,2310.93,109.84,2201.09,140379,0,ATG9Cargo,10-Registered,postRapalog_ATG9_DAGLB/
40,1022.94,109.84,913.10,153697,1,ATG9Cargo,10-Registered,postRapalog_ATG9_DAGLB/
41,1853.27,106.88,1746.39,110297,0,FKBPTagPOI,11-Registered,postRapalog_ATG9_DAGLB/
42,410.09,106.88,303.20,245974,1,FKBPTagPOI,11-Registered,postRapalog_ATG9_DAGLB/
43,2817.75,108.20,2709.55,110297,0,ATG9Cargo,11-Registered,postRapalog_ATG9_DAGLB/
44,1107.75,108.20,999.55,245974,1,ATG9Cargo,11-Registered,postRapalog_ATG9_DAGLB/
45,768.13,105.93,662.21,119307,0,FKBPTagPOI,12-Registered,postRapalog_ATG9_DAGLB/
46,236.78,105.93,130.85,195234,1,FKBPTagPOI,12-Registered,postRapalog_ATG9_DAGLB/
47,2308.05,108.63,2199.42,119307,0,ATG9Cargo,12-Registered,postRapalog_ATG9_DAGLB/
48,1051.81,108.63,943.18,195234,1,ATG9Cargo,12-Registered,postRapalog_ATG9_DAGLB/
49,700.63,105.21,595.42,141344,0,FKBPTagPOI,13-Registered,postRapalog_ATG9_DAGLB/
50,198.26,105.21,93.05,182810,1,FKBPTagPOI,13-Registered,postRapalog_ATG9_DAGLB/
51,1664.96,107.43,1557.53,141344,0,ATG9Cargo,13-Registered,postRapalog_ATG9_DAGLB/
52,616.53,107.43,509.10,182810,1,ATG9Cargo,13-Registered,postRapalog_ATG9_DAGLB/
53,820.51,104.91,715.61,164873,0,FKBPTagPOI,14-Registered,postRapalog_ATG9_DAGLB/
54,229.80,104.91,124.90,212827,1,FKBPTagPOI,14-Registered,postRapalog_ATG9_DAGLB/
55,2304.81,106.92,2197.89,164873,0,ATG9Cargo,14-Registered,postRapalog_ATG9_DAGLB/
56,719.59,106.92,612.67,212827,1,ATG9Cargo,14-Registered,postRapalog_ATG9_DAGLB/
57,2251.17,105.57,2145.60,70854,0,FKBPTagPOI,15-Registered,postRapalog_ATG9_DAGLB/
58,554.99,105.57,449.42,146894,1,FKBPTagPOI,15-Registered,postRapalog_ATG9_DAGLB/
59,2653.95,109.25,2544.69,70854,0,ATG9Cargo,15-Registered,postRapalog_ATG9_DAGLB/
60,1461.47,109.25,1352.22,146894,1,ATG9Cargo,15-Registered,postRapalog_ATG9_DAGLB/
61,290.32,105.71,184.61,190381,0,FKBPTagPOI,16-Registered,postRapalog_ATG9_DAGLB/
62,152.01,105.71,46.29,316643,1,FKBPTagPOI,16-Registered,postRapalog_ATG9_DAGLB/
63,957.34,108.51,848.83,190381,0,ATG9Cargo,16-Registered,postRapalog_ATG9_DAGLB/
64,408.72,108.51,300.21,316643,1,ATG9Cargo,16-Registered,postRapalog_ATG9_DAGLB/
65,804.67,105.20,699.47,94740,0,FKBPTagPOI,17-Registered,postRapalog_ATG9_DAGLB/
66,238.96,105.20,133.75,93024,1,FKBPTagPOI,17-Registered,postRapalog_ATG9_DAGLB/
67,2549.12,107.73,2441.39,94740,0,ATG9Cargo,17-Registered,postRapalog_ATG9_DAGLB/
68,1072.70,107.73,964.97,93024,1,ATG9Cargo,17-Registered,postRapalog_ATG9_DAGLB/
69,1346.79,105.62,1241.17,87746,0,FKBPTagPOI,18-Registered,postRapalog_ATG9_DAGLB/
70,345.15,105.62,239.53,112527,1,FKBPTagPOI,18-Registered,postRapalog_ATG9_DAGLB/
71,2515.76,108.27,2407.48,87746,0,ATG9Cargo,18-Registered,postRapalog_ATG9_DAGLB/
72,1219.50,108.27,1111.22,112527,1,ATG9Cargo,18-Registered,postRapalog_ATG9_DAGLB/
73,508.10,105.09,403.02,135712,0,FKBPTagPOI,19-Registered,postRapalog_ATG9_DAGLB/
74,218.14,105.09,113.05,167097,1,FKBPTagPOI,19-Registered,postRapalog_ATG9_DAGLB/
75,2389.01,106.92,2282.09,135712,0,ATG9Cargo,19-Registered,postRapalog_ATG9_DAGLB/
76,1027.15,106.92,920.24,167097,1,ATG9Cargo,19-Registered,postRapalog_ATG9_DAGLB/
77,581.68,105.99,475.69,210276,0,FKBPTagPOI,20-Registered,postRapalog_ATG9_DAGLB/
78,259.15,105.99,153.16,242219,1,FKBPTagPOI,20-Registered,postRapalog_ATG9_DAGLB/
79,1675.98,108.50,1567.48,210276,0,ATG9Cargo,20-Registered,postRapalog_ATG9_DAGLB/
80,894.51,108.50,786.01,242219,1,ATG9Cargo,20-Registered,postRapalog_ATG9_DAGLB/
81,382.71,106.22,276.49,167914,0,FKBPTagPOI,21-Registered,postRapalog_ATG9_DAGLB/
82,192.74,106.22,86.53,201239,1,FKBPTagPOI,21-Registered,postRapalog_ATG9_DAGLB/
83,1222.53,109.66,1112.87,167914,0,ATG9Cargo,21-Registered,postRapalog_ATG9_DAGLB/
84,711.98,109.66,602.32,201239,1,ATG9Cargo,21-Registered,postRapalog_ATG9_DAGLB/
85,1378.75,105.24,1273.51,245595,0,FKBPTagPOI,22-Registered,postRapalog_ATG9_DAGLB/
86,374.44,105.24,269.20,255294,1,FKBPTagPOI,22-Registered,postRapalog_ATG9_DAGLB/
87,2268.93,106.84,2162.09,245595,0,ATG9Cargo,22-Registered,postRapalog_ATG9_DAGLB/
88,967.73,106.84,860.89,255294,1,ATG9Cargo,22-Registered,postRapalog_ATG9_DAGLB/
89,713.59,105.21,608.38,85001,0,FKBPTagPOI,23-Registered,postRapalog_ATG9_DAGLB/
90,257.87,105.21,152.66,165973,1,FKBPTagPOI,23-Registered,postRapalog_ATG9_DAGLB/
91,723.59,107.42,616.17,85001,0,ATG9Cargo,23-Registered,postRapalog_ATG9_DAGLB/
92,455.98,107.42,348.56,165973,1,ATG9Cargo,23-Registered,postRapalog_ATG9_DAGLB/
93,891.53,108.06,783.47,235367,0,FKBPTagPOI,24-Registered,postRapalog_ATG9_DAGLB/
94,287.48,108.06,179.42,285923,1,FKBPTagPOI,24-Registered,postRapalog_ATG9_DAGLB/
95,2722.09,112.76,2609.33,235367,0,ATG9Cargo,24-Registered,postRapalog_ATG9_DAGLB/
96,1183.06,112.76,1070.30,285923,1,ATG9Cargo,24-Registered,postRapalog_ATG9_DAGLB/
97,375.78,105.58,270.21,106857,0,FKBPTagPOI,25-Registered,postRapalog_ATG9_DAGLB/
98,194.83,105.58,89.25,204814,1,FKBPTagPOI,25-Registered,postRapalog_ATG9_DAGLB/
99,1621.40,110.04,1511.36,106857,0,ATG9Cargo,25-Registered,postRapalog_ATG9_DAGLB/
100,776.44,110.04,666.40,204814,1,ATG9Cargo,25-Registered,postRapalog_ATG9_DAGLB/
101,393.95,105.36,288.58,236379,0,FKBPTagPOI,02-Registered,postRapalog_EmptyV_DAGLB/
102,191.49,105.36,86.12,227501,1,FKBPTagPOI,02-Registered,postRapalog_EmptyV_DAGLB/
103,957.07,107.07,849.99,236379,0,ATG9Cargo,02-Registered,postRapalog_EmptyV_DAGLB/
104,672.30,107.07,565.23,227501,1,ATG9Cargo,02-Registered,postRapalog_EmptyV_DAGLB/
105,351.89,105.20,246.69,173316,0,FKBPTagPOI,03-Registered,postRapalog_EmptyV_DAGLB/
106,148.81,105.20,43.62,185367,1,FKBPTagPOI,03-Registered,postRapalog_EmptyV_DAGLB/
107,811.88,108.64,703.23,173316,0,ATG9Cargo,03-Registered,postRapalog_EmptyV_DAGLB/
108,420.11,108.64,311.46,185367,1,ATG9Cargo,03-Registered,postRapalog_EmptyV_DAGLB/
109,580.33,104.72,475.61,270182,0,FKBPTagPOI,04-Registered,postRapalog_EmptyV_DAGLB/
110,248.57,104.72,143.85,300434,1,FKBPTagPOI,04-Registered,postRapalog_EmptyV_DAGLB/
111,1669.43,106.84,1562.59,270182,0,ATG9Cargo,04-Registered,postRapalog_EmptyV_DAGLB/
112,1059.15,106.84,952.31,300434,1,ATG9Cargo,04-Registered,postRapalog_EmptyV_DAGLB/
113,1097.10,107.71,989.39,340109,0,FKBPTagPOI,05-Registered,postRapalog_EmptyV_DAGLB/
114,449.87,107.71,342.16,367364,1,FKBPTagPOI,05-Registered,postRapalog_EmptyV_DAGLB/
115,1554.30,109.67,1444.63,340109,0,ATG9Cargo,05-Registered,postRapalog_EmptyV_DAGLB/
116,1046.67,109.67,937.00,367364,1,ATG9Cargo,05-Registered,postRapalog_EmptyV_DAGLB/
117,330.63,105.22,225.41,187388,0,FKBPTagPOI,06-Registered,postRapalog_EmptyV_DAGLB/
118,147.85,105.22,42.63,227506,1,FKBPTagPOI,06-Registered,postRapalog_EmptyV_DAGLB/
119,830.54,107.96,722.58,187388,0,ATG9Cargo,06-Registered,postRapalog_EmptyV_DAGLB/
120,726.39,107.96,618.43,227506,1,ATG9Cargo,06-Registered,postRapalog_EmptyV_DAGLB/
121,564.99,105.74,459.26,242676,0,FKBPTagPOI,07-Registered,postRapalog_EmptyV_DAGLB/
122,275.63,105.74,169.89,252750,1,FKBPTagPOI,07-Registered,postRapalog_EmptyV_DAGLB/
123,1050.10,110.00,940.10,242676,0,ATG9Cargo,07-Registered,postRapalog_EmptyV_DAGLB/
124,849.86,110.00,739.85,252750,1,ATG9Cargo,07-Registered,postRapalog_EmptyV_DAGLB/
125,930.63,105.76,824.87,77181,0,FKBPTagPOI,08-Registered,postRapalog_EmptyV_DAGLB/
126,221.07,105.76,115.31,89541,1,FKBPTagPOI,08-Registered,postRapalog_EmptyV_DAGLB/
127,1271.04,107.68,1163.36,77181,0,ATG9Cargo,08-Registered,postRapalog_EmptyV_DAGLB/
128,914.76,107.68,807.08,89541,1,ATG9Cargo,08-Registered,postRapalog_EmptyV_DAGLB/
129,374.60,105.27,269.33,210094,0,FKBPTagPOI,09-Registered,postRapalog_EmptyV_DAGLB/
130,180.32,105.27,75.05,229256,1,FKBPTagPOI,09-Registered,postRapalog_EmptyV_DAGLB/
131,1924.55,109.09,1815.46,210094,0,ATG9Cargo,09-Registered,postRapalog_EmptyV_DAGLB/
132,1396.15,109.09,1287.06,229256,1,ATG9Cargo,09-Registered,postRapalog_EmptyV_DAGLB/
133,514.64,107.37,407.28,303418,0,FKBPTagPOI,10-Registered,postRapalog_EmptyV_DAGLB/
134,221.69,107.37,114.33,349935,1,FKBPTagPOI,10-Registered,postRapalog_EmptyV_DAGLB/
135,2505.29,112.12,2393.17,303418,0,ATG9Cargo,10-Registered,postRapalog_EmptyV_DAGLB/
136,1388.32,112.12,1276.20,349935,1,ATG9Cargo,10-Registered,postRapalog_EmptyV_DAGLB/
137,653.64,106.25,547.40,277486,0,FKBPTagPOI,11-Registered,postRapalog_EmptyV_DAGLB/
138,272.48,106.25,166.23,334256,1,FKBPTagPOI,11-Registered,postRapalog_EmptyV_DAGLB/
139,1384.05,108.74,1275.31,277486,0,ATG9Cargo,11-Registered,postRapalog_EmptyV_DAGLB/
140,921.52,108.74,812.79,334256,1,ATG9Cargo,11-Registered,postRapalog_EmptyV_DAGLB/
141,698.33,109.52,588.81,256357,0,FKBPTagPOI,12-Registered,postRapalog_EmptyV_DAGLB/
142,316.46,109.52,206.93,378559,1,FKBPTagPOI,12-Registered,postRapalog_EmptyV_DAGLB/
143,515.22,112.20,403.02,256357,0,ATG9Cargo,12-Registered,postRapalog_EmptyV_DAGLB/
144,372.13,112.20,259.93,378559,1,ATG9Cargo,12-Registered,postRapalog_EmptyV_DAGLB/
145,592.23,105.97,486.26,393005,0,FKBPTagPOI,13-Registered,postRapalog_EmptyV_DAGLB/
146,196.93,105.97,90.97,370027,1,FKBPTagPOI,13-Registered,postRapalog_EmptyV_DAGLB/
147,886.45,109.05,777.40,393005,0,ATG9Cargo,13-Registered,postRapalog_EmptyV_DAGLB/
148,704.00,109.05,594.95,370027,1,ATG9Cargo,13-Registered,postRapalog_EmptyV_DAGLB/
149,224.20,106.96,117.23,185138,0,FKBPTagPOI,14-Registered,postRapalog_EmptyV_DAGLB/
150,134.84,106.96,27.87,238843,1,FKBPTagPOI,14-Registered,postRapalog_EmptyV_DAGLB/
151,409.80,109.79,300.01,185138,0,ATG9Cargo,14-Registered,postRapalog_EmptyV_DAGLB/
152,337.66,109.79,227.87,238843,1,ATG9Cargo,14-Registered,postRapalog_EmptyV_DAGLB/
153,300.94,104.43,196.51,210356,0,FKBPTagPOI,15-Registered,postRapalog_EmptyV_DAGLB/
154,180.66,104.43,76.23,273573,1,FKBPTagPOI,15-Registered,postRapalog_EmptyV_DAGLB/
155,782.15,105.84,676.31,210356,0,ATG9Cargo,15-Registered,postRapalog_EmptyV_DAGLB/
156,508.62,105.84,402.78,273573,1,ATG9Cargo,15-Registered,postRapalog_EmptyV_DAGLB/
157,442.14,104.90,337.24,178859,0,FKBPTagPOI,16-Registered,postRapalog_EmptyV_DAGLB/
158,180.12,104.90,75.22,256873,1,FKBPTagPOI,16-Registered,postRapalog_EmptyV_DAGLB/
159,1687.06,108.06,1579.01,178859,0,ATG9Cargo,16-Registered,postRapalog_EmptyV_DAGLB/
160,1511.09,108.06,1403.04,256873,1,ATG9Cargo,16-Registered,postRapalog_EmptyV_DAGLB/
161,208.47,104.66,103.81,121201,0,FKBPTagPOI,17-Registered,postRapalog_EmptyV_DAGLB/
162,126.74,104.66,22.07,130313,1,FKBPTagPOI,17-Registered,postRapalog_EmptyV_DAGLB/
163,616.94,106.43,510.51,121201,0,ATG9Cargo,17-Registered,postRapalog_EmptyV_DAGLB/
164,437.43,106.43,331.00,130313,1,ATG9Cargo,17-Registered,postRapalog_EmptyV_DAGLB/
165,1177.18,105.23,1071.95,204308,0,FKBPTagPOI,18-Registered,postRapalog_EmptyV_DAGLB/
166,403.58,105.23,298.35,203566,1,FKBPTagPOI,18-Registered,postRapalog_EmptyV_DAGLB/
167,1480.27,106.25,1374.02,204308,0,ATG9Cargo,18-Registered,postRapalog_EmptyV_DAGLB/
168,1031.58,106.25,925.33,203566,1,ATG9Cargo,18-Registered,postRapalog_EmptyV_DAGLB/
169,324.88,104.66,220.22,244041,0,FKBPTagPOI,19-Registered,postRapalog_EmptyV_DAGLB/
170,143.12,104.66,38.46,439929,1,FKBPTagPOI,19-Registered,postRapalog_EmptyV_DAGLB/
171,396.02,106.76,289.26,244041,0,ATG9Cargo,19-Registered,postRapalog_EmptyV_DAGLB/
172,251.42,106.76,144.66,439929,1,ATG9Cargo,19-Registered,postRapalog_EmptyV_DAGLB/
173,255.89,105.17,150.72,275182,0,FKBPTagPOI,20-Registered,postRapalog_EmptyV_DAGLB/
174,139.02,105.17,33.85,355285,1,FKBPTagPOI,20-Registered,postRapalog_EmptyV_DAGLB/
175,726.49,107.96,618.52,275182,0,ATG9Cargo,20-Registered,postRapalog_EmptyV_DAGLB/
176,532.46,107.96,424.50,355285,1,ATG9Cargo,20-Registered,postRapalog_EmptyV_DAGLB/
177,1149.77,189.17,960.61,147480,0,FKBPTagPOI,01-Registered,postRapalog_TPDmut_DAGLB/
178,499.85,189.17,310.69,207826,1,FKBPTagPOI,01-Registered,postRapalog_TPDmut_DAGLB/
179,263.56,108.14,155.42,147480,0,ATG9Cargo,01-Registered,postRapalog_TPDmut_DAGLB/
180,218.54,108.14,110.40,207826,1,ATG9Cargo,01-Registered,postRapalog_TPDmut_DAGLB/
181,471.88,155.52,316.36,201705,0,FKBPTagPOI,02-Registered,postRapalog_TPDmut_DAGLB/
182,268.53,155.52,113.02,250187,1,FKBPTagPOI,02-Registered,postRapalog_TPDmut_DAGLB/
183,207.62,113.16,94.46,201705,0,ATG9Cargo,02-Registered,postRapalog_TPDmut_DAGLB/
184,181.79,113.16,68.63,250187,1,ATG9Cargo,02-Registered,postRapalog_TPDmut_DAGLB/
185,706.54,185.16,521.38,356213,0,FKBPTagPOI,03-Registered,postRapalog_TPDmut_DAGLB/
186,367.85,185.16,182.69,334107,1,FKBPTagPOI,03-Registered,postRapalog_TPDmut_DAGLB/
187,325.10,109.48,215.62,356213,0,ATG9Cargo,03-Registered,postRapalog_TPDmut_DAGLB/
188,230.76,109.48,121.28,334107,1,ATG9Cargo,03-Registered,postRapalog_TPDmut_DAGLB/
189,751.98,194.43,557.55,248599,0,FKBPTagPOI,04-Registered,postRapalog_TPDmut_DAGLB/
190,311.70,194.43,117.27,241269,1,FKBPTagPOI,04-Registered,postRapalog_TPDmut_DAGLB/
191,295.69,109.98,185.71,248599,0,ATG9Cargo,04-Registered,postRapalog_TPDmut_DAGLB/
192,222.30,109.98,112.32,241269,1,ATG9Cargo,04-Registered,postRapalog_TPDmut_DAGLB/
193,1996.86,145.85,1851.01,187602,0,FKBPTagPOI,05-Registered,postRapalog_TPDmut_DAGLB/
194,853.41,145.85,707.57,200691,1,FKBPTagPOI,05-Registered,postRapalog_TPDmut_DAGLB/
195,355.45,106.68,248.76,187602,0,ATG9Cargo,05-Registered,postRapalog_TPDmut_DAGLB/
196,295.89,106.68,189.20,200691,1,ATG9Cargo,05-Registered,postRapalog_TPDmut_DAGLB/
197,647.95,118.86,529.08,316290,0,FKBPTagPOI,06-Registered,postRapalog_TPDmut_DAGLB/
198,441.04,118.86,322.18,285067,1,FKBPTagPOI,06-Registered,postRapalog_TPDmut_DAGLB/
199,388.32,110.67,277.66,316290,0,ATG9Cargo,06-Registered,postRapalog_TPDmut_DAGLB/
200,259.86,110.67,149.19,285067,1,ATG9Cargo,06-Registered,postRapalog_TPDmut_DAGLB/
201,814.68,115.44,699.24,137724,0,FKBPTagPOI,07-Registered,postRapalog_TPDmut_DAGLB/
202,369.94,115.44,254.50,161130,1,FKBPTagPOI,07-Registered,postRapalog_TPDmut_DAGLB/
203,1176.66,109.93,1066.73,137724,0,ATG9Cargo,07-Registered,postRapalog_TPDmut_DAGLB/
204,992.88,109.93,882.95,161130,1,ATG9Cargo,07-Registered,postRapalog_TPDmut_DAGLB/
205,338.74,113.15,225.59,181271,0,FKBPTagPOI,08-Registered,postRapalog_TPDmut_DAGLB/
206,194.85,113.15,81.70,155173,1,FKBPTagPOI,08-Registered,postRapalog_TPDmut_DAGLB/
207,526.38,107.89,418.50,181271,0,ATG9Cargo,08-Registered,postRapalog_TPDmut_DAGLB/
208,311.81,107.89,203.92,155173,1,ATG9Cargo,08-Registered,postRapalog_TPDmut_DAGLB/
209,954.42,119.64,834.78,274246,0,FKBPTagPOI,09-Registered,postRapalog_TPDmut_DAGLB/
210,450.66,119.64,331.02,319345,1,FKBPTagPOI,09-Registered,postRapalog_TPDmut_DAGLB/
211,449.93,111.42,338.51,274246,0,ATG9Cargo,09-Registered,postRapalog_TPDmut_DAGLB/
212,389.78,111.42,278.36,319345,1,ATG9Cargo,09-Registered,postRapalog_TPDmut_DAGLB/
213,1147.11,115.96,1031.14,400069,0,FKBPTagPOI,10-Registered,postRapalog_TPDmut_DAGLB/
214,563.48,115.96,447.52,381801,1,FKBPTagPOI,10-Registered,postRapalog_TPDmut_DAGLB/
215,780.62,109.90,670.72,400069,0,ATG9Cargo,10-Registered,postRapalog_TPDmut_DAGLB/
216,572.29,109.90,462.39,381801,1,ATG9Cargo,10-Registered,postRapalog_TPDmut_DAGLB/
217,783.26,117.65,665.61,231543,0,FKBPTagPOI,11-Registered,postRapalog_TPDmut_DAGLB/
218,256.82,117.65,139.17,254390,1,FKBPTagPOI,11-Registered,postRapalog_TPDmut_DAGLB/
219,387.06,109.39,277.67,231543,0,ATG9Cargo,11-Registered,postRapalog_TPDmut_DAGLB/
220,271.17,109.39,161.78,254390,1,ATG9Cargo,11-Registered,postRapalog_TPDmut_DAGLB/
221,1153.03,115.52,1037.51,188370,0,FKBPTagPOI,12-Registered,postRapalog_TPDmut_DAGLB/
222,301.27,115.52,185.75,269064,1,FKBPTagPOI,12-Registered,postRapalog_TPDmut_DAGLB/
223,481.76,108.59,373.17,188370,0,ATG9Cargo,12-Registered,postRapalog_TPDmut_DAGLB/
224,285.67,108.59,177.08,269064,1,ATG9Cargo,12-Registered,postRapalog_TPDmut_DAGLB/
225,1240.09,141.55,1098.54,286317,0,FKBPTagPOI,13-Registered,postRapalog_TPDmut_DAGLB/
226,500.25,141.55,358.70,321371,1,FKBPTagPOI,13-Registered,postRapalog_TPDmut_DAGLB/
227,532.28,111.67,420.61,286317,0,ATG9Cargo,13-Registered,postRapalog_TPDmut_DAGLB/
228,348.50,111.67,236.83,321371,1,ATG9Cargo,13-Registered,postRapalog_TPDmut_DAGLB/
229,718.48,196.50,521.98,274639,0,FKBPTagPOI,14-Registered,postRapalog_TPDmut_DAGLB/
230,384.09,196.50,187.59,356451,1,FKBPTagPOI,14-Registered,postRapalog_TPDmut_DAGLB/
231,269.46,110.96,158.49,274639,0,ATG9Cargo,14-Registered,postRapalog_TPDmut_DAGLB/
232,234.57,110.96,123.61,356451,1,ATG9Cargo,14-Registered,postRapalog_TPDmut_DAGLB/
233,379.72,117.22,262.50,319244,0,FKBPTagPOI,15-Registered,postRapalog_TPDmut_DAGLB/
234,211.03,117.22,93.81,399303,1,FKBPTagPOI,15-Registered,postRapalog_TPDmut_DAGLB/
235,288.04,110.19,177.85,319244,0,ATG9Cargo,15-Registered,postRapalog_TPDmut_DAGLB/
236,212.91,110.19,102.72,399303,1,ATG9Cargo,15-Registered,postRapalog_TPDmut_DAGLB/
237,903.09,125.75,777.34,294465,0,FKBPTagPOI,16-Registered,postRapalog_TPDmut_DAGLB/
238,336.79,125.75,211.04,346439,1,FKBPTagPOI,16-Registered,postRapalog_TPDmut_DAGLB/
239,529.50,108.86,420.64,294465,0,ATG9Cargo,16-Registered,postRapalog_TPDmut_DAGLB/
240,349.06,108.86,240.20,346439,1,ATG9Cargo,16-Registered,postRapalog_TPDmut_DAGLB/
241,603.02,144.74,458.28,211873,0,FKBPTagPOI,17-Registered,postRapalog_TPDmut_DAGLB/
242,315.34,144.74,170.60,245819,1,FKBPTagPOI,17-Registered,postRapalog_TPDmut_DAGLB/
243,379.44,106.22,273.22,211873,0,ATG9Cargo,17-Registered,postRapalog_TPDmut_DAGLB/
244,266.80,106.22,160.58,245819,1,ATG9Cargo,17-Registered,postRapalog_TPDmut_DAGLB/
245,1255.10,127.53,1127.57,314737,0,FKBPTagPOI,18-Registered,postRapalog_TPDmut_DAGLB/
246,555.00,127.53,427.47,294252,1,FKBPTagPOI,18-Registered,postRapalog_TPDmut_DAGLB/
247,562.69,114.94,447.75,314737,0,ATG9Cargo,18-Registered,postRapalog_TPDmut_DAGLB/
248,368.34,114.94,253.40,294252,1,ATG9Cargo,18-Registered,postRapalog_TPDmut_DAGLB/
249,712.30,115.11,597.18,298450,0,FKBPTagPOI,19-Registered,postRapalog_TPDmut_DAGLB/
250,326.72,115.11,211.61,385012,1,FKBPTagPOI,19-Registered,postRapalog_TPDmut_DAGLB/
251,565.91,111.09,454.82,298450,0,ATG9Cargo,19-Registered,postRapalog_TPDmut_DAGLB/
252,421.24,111.09,310.14,385012,1,ATG9Cargo,19-Registered,postRapalog_TPDmut_DAGLB/
253,691.03,112.20,578.83,279465,0,FKBPTagPOI,20-Registered,postRapalog_TPDmut_DAGLB/
254,311.69,112.20,199.49,285389,1,FKBPTagPOI,20-Registered,postRapalog_TPDmut_DAGLB/
255,253.56,105.28,148.28,279465,0,ATG9Cargo,20-Registered,postRapalog_TPDmut_DAGLB/
256,218.64,105.28,113.36,285389,1,ATG9Cargo,20-Registered,postRapalog_TPDmut_DAGLB/
257,291.41,124.98,166.43,129718,0,FKBPTagPOI,21-Registered,postRapalog_TPDmut_DAGLB/
258,159.26,124.98,34.29,116828,1,FKBPTagPOI,21-Registered,postRapalog_TPDmut_DAGLB/
259,1121.03,105.95,1015.08,129718,0,ATG9Cargo,21-Registered,postRapalog_TPDmut_DAGLB/
260,794.45,105.95,688.50,116828,1,ATG9Cargo,21-Registered,postRapalog_TPDmut_DAGLB/
261,676.58,113.42,563.16,114544,0,FKBPTagPOI,22-Registered,postRapalog_TPDmut_DAGLB/
262,202.10,113.42,88.68,313357,1,FKBPTagPOI,22-Registered,postRapalog_TPDmut_DAGLB/
263,158.03,106.99,51.03,114544,0,ATG9Cargo,22-Registered,postRapalog_TPDmut_DAGLB/
264,127.44,106.99,20.44,313357,1,ATG9Cargo,22-Registered,postRapalog_TPDmut_DAGLB/
265,624.24,114.40,509.83,170055,0,FKBPTagPOI,23-Registered,postRapalog_TPDmut_DAGLB/
266,275.86,114.40,161.46,198851,1,FKBPTagPOI,23-Registered,postRapalog_TPDmut_DAGLB/
267,425.20,107.59,317.61,170055,0,ATG9Cargo,23-Registered,postRapalog_TPDmut_DAGLB/
268,362.19,107.59,254.60,198851,1,ATG9Cargo,23-Registered,postRapalog_TPDmut_DAGLB/
269,708.51,113.23,595.27,222857,0,FKBPTagPOI,24-Registered,postRapalog_TPDmut_DAGLB/
270,324.80,113.23,211.57,293331,1,FKBPTagPOI,24-Registered,postRapalog_TPDmut_DAGLB/
271,380.38,106.91,273.47,222857,0,ATG9Cargo,24-Registered,postRapalog_TPDmut_DAGLB/
272,264.37,106.91,157.46,293331,1,ATG9Cargo,24-Registered,postRapalog_TPDmut_DAGLB/
273,511.33,106.27,405.05,179694,0,FKBPTagPOI,01-Registered,postRapalog_TPDwt_DAGLB/
274,164.25,106.27,57.97,340839,1,FKBPTagPOI,01-Registered,postRapalog_TPDwt_DAGLB/
275,442.61,106.99,335.63,179694,0,ATG9Cargo,01-Registered,postRapalog_TPDwt_DAGLB/
276,172.81,106.99,65.83,340839,1,ATG9Cargo,01-Registered,postRapalog_TPDwt_DAGLB/
277,1877.22,108.16,1769.06,98259,0,FKBPTagPOI,02-Registered,postRapalog_TPDwt_DAGLB/
278,641.60,108.16,533.44,160496,1,FKBPTagPOI,02-Registered,postRapalog_TPDwt_DAGLB/
279,1996.52,108.63,1887.89,98259,0,ATG9Cargo,02-Registered,postRapalog_TPDwt_DAGLB/
280,716.10,108.63,607.47,160496,1,ATG9Cargo,02-Registered,postRapalog_TPDwt_DAGLB/
281,2079.67,111.16,1968.51,164724,0,FKBPTagPOI,03-Registered,postRapalog_TPDwt_DAGLB/
282,475.38,111.16,364.22,325463,1,FKBPTagPOI,03-Registered,postRapalog_TPDwt_DAGLB/
283,1056.26,110.90,945.35,164724,0,ATG9Cargo,03-Registered,postRapalog_TPDwt_DAGLB/
284,297.87,110.90,186.97,325463,1,ATG9Cargo,03-Registered,postRapalog_TPDwt_DAGLB/
285,1214.04,109.74,1104.30,212002,0,FKBPTagPOI,04-Registered,postRapalog_TPDwt_DAGLB/
286,420.48,109.74,310.73,236194,1,FKBPTagPOI,04-Registered,postRapalog_TPDwt_DAGLB/
287,908.06,109.35,798.71,212002,0,ATG9Cargo,04-Registered,postRapalog_TPDwt_DAGLB/
288,392.47,109.35,283.13,236194,1,ATG9Cargo,04-Registered,postRapalog_TPDwt_DAGLB/
289,380.14,108.98,271.16,180535,0,FKBPTagPOI,05-Registered,postRapalog_TPDwt_DAGLB/
290,188.06,108.98,79.09,232214,1,FKBPTagPOI,05-Registered,postRapalog_TPDwt_DAGLB/
291,211.58,107.57,104.01,180535,0,ATG9Cargo,05-Registered,postRapalog_TPDwt_DAGLB/
292,158.62,107.57,51.05,232214,1,ATG9Cargo,05-Registered,postRapalog_TPDwt_DAGLB/
293,2182.81,108.13,2074.68,133678,0,FKBPTagPOI,06-Registered,postRapalog_TPDwt_DAGLB/
294,390.70,108.13,282.57,184950,1,FKBPTagPOI,06-Registered,postRapalog_TPDwt_DAGLB/
295,1859.13,110.88,1748.25,133678,0,ATG9Cargo,06-Registered,postRapalog_TPDwt_DAGLB/
296,404.92,110.88,294.04,184950,1,ATG9Cargo,06-Registered,postRapalog_TPDwt_DAGLB/
297,732.98,109.63,623.35,174782,0,FKBPTagPOI,07-Registered,postRapalog_TPDwt_DAGLB/
298,224.38,109.63,114.75,218405,1,FKBPTagPOI,07-Registered,postRapalog_TPDwt_DAGLB/
299,443.71,110.73,332.98,174782,0,ATG9Cargo,07-Registered,postRapalog_TPDwt_DAGLB/
300,218.67,110.73,107.94,218405,1,ATG9Cargo,07-Registered,postRapalog_TPDwt_DAGLB/
301,767.31,109.28,658.04,175985,0,FKBPTagPOI,08-Registered,postRapalog_TPDwt_DAGLB/
302,223.72,109.28,114.45,228084,1,FKBPTagPOI,08-Registered,postRapalog_TPDwt_DAGLB/
303,456.39,110.08,346.31,175985,0,ATG9Cargo,08-Registered,postRapalog_TPDwt_DAGLB/
304,218.02,110.08,107.94,228084,1,ATG9Cargo,08-Registered,postRapalog_TPDwt_DAGLB/
305,1605.31,108.55,1496.76,126360,0,FKBPTagPOI,09-Registered,postRapalog_TPDwt_DAGLB/
306,398.89,108.55,290.34,153395,1,FKBPTagPOI,09-Registered,postRapalog_TPDwt_DAGLB/
307,1117.40,109.33,1008.08,126360,0,ATG9Cargo,09-Registered,postRapalog_TPDwt_DAGLB/
308,465.77,109.33,356.44,153395,1,ATG9Cargo,09-Registered,postRapalog_TPDwt_DAGLB/
309,892.42,110.37,782.04,301670,0,FKBPTagPOI,10-Registered,postRapalog_TPDwt_DAGLB/
310,303.85,110.37,193.47,356574,1,FKBPTagPOI,10-Registered,postRapalog_TPDwt_DAGLB/
311,1079.52,116.11,963.41,301670,0,ATG9Cargo,10-Registered,postRapalog_TPDwt_DAGLB/
312,423.47,116.11,307.37,356574,1,ATG9Cargo,10-Registered,postRapalog_TPDwt_DAGLB/
313,771.15,108.68,662.47,286223,0,FKBPTagPOI,11-Registered,postRapalog_TPDwt_DAGLB/
314,253.71,108.68,145.03,332373,1,FKBPTagPOI,11-Registered,postRapalog_TPDwt_DAGLB/
315,432.81,109.45,323.36,286223,0,ATG9Cargo,11-Registered,postRapalog_TPDwt_DAGLB/
316,203.85,109.45,94.40,332373,1,ATG9Cargo,11-Registered,postRapalog_TPDwt_DAGLB/
317,1523.91,108.07,1415.84,199381,0,FKBPTagPOI,12-Registered,postRapalog_TPDwt_DAGLB/
318,421.49,108.07,313.42,272546,1,FKBPTagPOI,12-Registered,postRapalog_TPDwt_DAGLB/
319,539.08,109.97,429.10,199381,0,ATG9Cargo,12-Registered,postRapalog_TPDwt_DAGLB/
320,288.86,109.97,178.89,272546,1,ATG9Cargo,12-Registered,postRapalog_TPDwt_DAGLB/
321,968.49,108.52,859.97,173918,0,FKBPTagPOI,13-Registered,postRapalog_TPDwt_DAGLB/
322,329.03,108.52,220.51,236018,1,FKBPTagPOI,13-Registered,postRapalog_TPDwt_DAGLB/
323,901.82,107.44,794.38,173918,0,ATG9Cargo,13-Registered,postRapalog_TPDwt_DAGLB/
324,377.35,107.44,269.91,236018,1,ATG9Cargo,13-Registered,postRapalog_TPDwt_DAGLB/
325,1831.58,108.61,1722.97,224405,0,FKBPTagPOI,14-Registered,postRapalog_TPDwt_DAGLB/
326,513.67,108.61,405.06,245672,1,FKBPTagPOI,14-Registered,postRapalog_TPDwt_DAGLB/
327,2177.80,111.00,2066.80,224405,0,ATG9Cargo,14-Registered,postRapalog_TPDwt_DAGLB/
328,1019.17,111.00,908.17,245672,1,ATG9Cargo,14-Registered,postRapalog_TPDwt_DAGLB/
329,1092.48,111.02,981.46,192373,0,FKBPTagPOI,15-Registered,postRapalog_TPDwt_DAGLB/
330,319.88,111.02,208.86,275330,1,FKBPTagPOI,15-Registered,postRapalog_TPDwt_DAGLB/
331,559.01,109.13,449.88,192373,0,ATG9Cargo,15-Registered,postRapalog_TPDwt_DAGLB/
332,249.80,109.13,140.67,275330,1,ATG9Cargo,15-Registered,postRapalog_TPDwt_DAGLB/
333,1642.10,111.59,1530.51,224027,0,FKBPTagPOI,16-Registered,postRapalog_TPDwt_DAGLB/
334,495.47,111.59,383.88,255582,1,FKBPTagPOI,16-Registered,postRapalog_TPDwt_DAGLB/
335,867.48,111.46,756.03,224027,0,ATG9Cargo,16-Registered,postRapalog_TPDwt_DAGLB/
336,328.05,111.46,216.60,255582,1,ATG9Cargo,16-Registered,postRapalog_TPDwt_DAGLB/
337,1280.72,110.50,1170.21,128331,0,FKBPTagPOI,17-Registered,postRapalog_TPDwt_DAGLB/
338,499.18,110.50,388.68,215631,1,FKBPTagPOI,17-Registered,postRapalog_TPDwt_DAGLB/
339,620.69,109.90,510.79,128331,0,ATG9Cargo,17-Registered,postRapalog_TPDwt_DAGLB/
340,283.01,109.90,173.11,215631,1,ATG9Cargo,17-Registered,postRapalog_TPDwt_DAGLB/
341,1192.98,106.58,1086.40,176450,0,FKBPTagPOI,18-Registered,postRapalog_TPDwt_DAGLB/
342,249.76,106.58,143.18,249787,1,FKBPTagPOI,18-Registered,postRapalog_TPDwt_DAGLB/
343,674.08,108.03,566.05,176450,0,ATG9Cargo,18-Registered,postRapalog_TPDwt_DAGLB/
344,232.26,108.03,124.22,249787,1,ATG9Cargo,18-Registered,postRapalog_TPDwt_DAGLB/
345,860.00,109.10,750.90,214497,0,FKBPTagPOI,19-Registered,postRapalog_TPDwt_DAGLB/
346,246.63,109.10,137.53,260021,1,FKBPTagPOI,19-Registered,postRapalog_TPDwt_DAGLB/
347,669.90,109.60,560.31,214497,0,ATG9Cargo,19-Registered,postRapalog_TPDwt_DAGLB/
348,301.40,109.60,191.81,260021,1,ATG9Cargo,19-Registered,postRapalog_TPDwt_DAGLB/
349,2061.73,108.88,1952.85,148622,0,FKBPTagPOI,20-Registered,postRapalog_TPDwt_DAGLB/
350,585.05,108.88,476.17,177149,1,FKBPTagPOI,20-Registered,postRapalog_TPDwt_DAGLB/
351,853.36,109.05,744.30,148622,0,ATG9Cargo,20-Registered,postRapalog_TPDwt_DAGLB/
352,290.71,109.05,181.66,177149,1,ATG9Cargo,20-Registered,postRapalog_TPDwt_DAGLB/
353,2118.46,109.80,2008.66,97421,0,FKBPTagPOI,21-Registered,postRapalog_TPDwt_DAGLB/
354,398.13,109.80,288.33,159118,1,FKBPTagPOI,21-Registered,postRapalog_TPDwt_DAGLB/
355,1839.88,108.33,1731.56,97421,0,ATG9Cargo,21-Registered,postRapalog_TPDwt_DAGLB/
356,462.06,108.33,353.73,159118,1,ATG9Cargo,21-Registered,postRapalog_TPDwt_DAGLB/
357,809.13,112.21,696.92,363254,0,FKBPTagPOI,22-Registered,postRapalog_TPDwt_DAGLB/
358,285.93,112.21,173.72,383848,1,FKBPTagPOI,22-Registered,postRapalog_TPDwt_DAGLB/
359,323.34,111.45,211.88,363254,0,ATG9Cargo,22-Registered,postRapalog_TPDwt_DAGLB/
360,187.48,111.45,76.03,383848,1,ATG9Cargo,22-Registered,postRapalog_TPDwt_DAGLB/
361,448.45,106.97,341.48,215653,0,FKBPTagPOI,23-Registered,postRapalog_TPDwt_DAGLB/
362,244.01,106.97,137.03,268737,1,FKBPTagPOI,23-Registered,postRapalog_TPDwt_DAGLB/
363,220.28,107.92,112.36,215653,0,ATG9Cargo,23-Registered,postRapalog_TPDwt_DAGLB/
364,185.09,107.92,77.17,268737,1,ATG9Cargo,23-Registered,postRapalog_TPDwt_DAGLB/
365,2073.30,109.84,1963.46,160880,0,FKBPTagPOI,24-Registered,postRapalog_TPDwt_DAGLB/
366,480.61,109.84,370.77,262909,1,FKBPTagPOI,24-Registered,postRapalog_TPDwt_DAGLB/
367,497.96,109.65,388.30,160880,0,ATG9Cargo,24-Registered,postRapalog_TPDwt_DAGLB/
368,219.60,109.65,109.95,262909,1,ATG9Cargo,24-Registered,postRapalog_TPDwt_DAGLB/
369,1272.42,108.35,1164.06,194407,0,FKBPTagPOI,25-Registered,postRapalog_TPDwt_DAGLB/
370,313.40,108.35,205.05,251980,1,FKBPTagPOI,25-Registered,postRapalog_TPDwt_DAGLB/
371,1673.95,108.38,1565.57,194407,0,ATG9Cargo,25-Registered,postRapalog_TPDwt_DAGLB/
372,525.73,108.38,417.35,251980,1,ATG9Cargo,25-Registered,postRapalog_TPDwt_DAGLB/
373,775.50,110.30,665.21,232012,0,FKBPTagPOI,27-Registered,postRapalog_TPDwt_DAGLB/
374,231.21,110.30,120.91,356543,1,FKBPTagPOI,27-Registered,postRapalog_TPDwt_DAGLB/
375,311.72,108.68,203.03,232012,0,ATG9Cargo,27-Registered,postRapalog_TPDwt_DAGLB/
376,192.01,108.68,83.32,356543,1,ATG9Cargo,27-Registered,postRapalog_TPDwt_DAGLB/
377,349.02,106.67,242.35,224522,0,FKBPTagPOI,01-Registered,preRapalog_ATG9_DAGLB/
378,288.90,106.67,182.23,257524,1,FKBPTagPOI,01-Registered,preRapalog_ATG9_DAGLB/
379,1419.36,112.43,1306.93,224522,0,ATG9Cargo,01-Registered,preRapalog_ATG9_DAGLB/
380,1094.22,112.43,981.80,257524,1,ATG9Cargo,01-Registered,preRapalog_ATG9_DAGLB/
381,420.47,105.67,314.80,175175,0,FKBPTagPOI,02-Registered,preRapalog_ATG9_DAGLB/
382,327.75,105.67,222.08,192818,1,FKBPTagPOI,02-Registered,preRapalog_ATG9_DAGLB/
383,1237.18,108.10,1129.09,175175,0,ATG9Cargo,02-Registered,preRapalog_ATG9_DAGLB/
384,908.16,108.10,800.07,192818,1,ATG9Cargo,02-Registered,preRapalog_ATG9_DAGLB/
385,326.74,105.88,220.86,315693,0,FKBPTagPOI,03-Registered,preRapalog_ATG9_DAGLB/
386,222.77,105.88,116.88,347328,1,FKBPTagPOI,03-Registered,preRapalog_ATG9_DAGLB/
387,780.64,111.89,668.75,315693,0,ATG9Cargo,03-Registered,preRapalog_ATG9_DAGLB/
388,551.66,111.89,439.77,347328,1,ATG9Cargo,03-Registered,preRapalog_ATG9_DAGLB/
389,1144.57,106.18,1038.39,128819,0,FKBPTagPOI,04-Registered,preRapalog_ATG9_DAGLB/
390,664.51,106.18,558.33,175614,1,FKBPTagPOI,04-Registered,preRapalog_ATG9_DAGLB/
391,2096.00,108.48,1987.52,128819,0,ATG9Cargo,04-Registered,preRapalog_ATG9_DAGLB/
392,1285.09,108.48,1176.61,175614,1,ATG9Cargo,04-Registered,preRapalog_ATG9_DAGLB/
393,607.62,105.23,502.39,252317,0,FKBPTagPOI,05-Registered,preRapalog_ATG9_DAGLB/
394,398.64,105.23,293.41,322713,1,FKBPTagPOI,05-Registered,preRapalog_ATG9_DAGLB/
395,961.35,106.92,854.43,252317,0,ATG9Cargo,05-Registered,preRapalog_ATG9_DAGLB/
396,680.46,106.92,573.55,322713,1,ATG9Cargo,05-Registered,preRapalog_ATG9_DAGLB/
397,375.41,105.36,270.05,207615,0,FKBPTagPOI,06-Registered,preRapalog_ATG9_DAGLB/
398,354.19,105.36,248.83,261337,1,FKBPTagPOI,06-Registered,preRapalog_ATG9_DAGLB/
399,1347.47,107.82,1239.65,207615,0,ATG9Cargo,06-Registered,preRapalog_ATG9_DAGLB/
400,1267.23,107.82,1159.41,261337,1,ATG9Cargo,06-Registered,preRapalog_ATG9_DAGLB/
401,471.36,105.30,366.07,149673,0,FKBPTagPOI,07-Registered,preRapalog_ATG9_DAGLB/
402,303.15,105.30,197.85,248624,1,FKBPTagPOI,07-Registered,preRapalog_ATG9_DAGLB/
403,1119.21,107.62,1011.58,149673,0,ATG9Cargo,07-Registered,preRapalog_ATG9_DAGLB/
404,858.58,107.62,750.96,248624,1,ATG9Cargo,07-Registered,preRapalog_ATG9_DAGLB/
405,168.31,105.32,62.99,284171,0,FKBPTagPOI,08-Registered,preRapalog_ATG9_DAGLB/
406,146.22,105.32,40.90,256801,1,FKBPTagPOI,08-Registered,preRapalog_ATG9_DAGLB/
407,695.48,107.80,587.69,284171,0,ATG9Cargo,08-Registered,preRapalog_ATG9_DAGLB/
408,509.32,107.80,401.52,256801,1,ATG9Cargo,08-Registered,preRapalog_ATG9_DAGLB/
409,723.31,105.07,618.24,244777,0,FKBPTagPOI,09-Registered,preRapalog_ATG9_DAGLB/
410,534.11,105.07,429.05,330505,1,FKBPTagPOI,09-Registered,preRapalog_ATG9_DAGLB/
411,1601.83,107.94,1493.89,244777,0,ATG9Cargo,09-Registered,preRapalog_ATG9_DAGLB/
412,1189.48,107.94,1081.54,330505,1,ATG9Cargo,09-Registered,preRapalog_ATG9_DAGLB/
413,497.89,105.44,392.45,127454,0,FKBPTagPOI,10-Registered,preRapalog_ATG9_DAGLB/
414,415.60,105.44,310.16,175546,1,FKBPTagPOI,10-Registered,preRapalog_ATG9_DAGLB/
415,1639.49,108.11,1531.38,127454,0,ATG9Cargo,10-Registered,preRapalog_ATG9_DAGLB/
416,1399.54,108.11,1291.44,175546,1,ATG9Cargo,10-Registered,preRapalog_ATG9_DAGLB/
417,1307.66,105.50,1202.16,99570,0,FKBPTagPOI,11-Registered,preRapalog_ATG9_DAGLB/
418,623.77,105.50,518.26,193240,1,FKBPTagPOI,11-Registered,preRapalog_ATG9_DAGLB/
419,2870.52,106.91,2763.61,99570,0,ATG9Cargo,11-Registered,preRapalog_ATG9_DAGLB/
420,1568.95,106.91,1462.04,193240,1,ATG9Cargo,11-Registered,preRapalog_ATG9_DAGLB/
421,433.26,105.93,327.33,177423,0,FKBPTagPOI,12-Registered,preRapalog_ATG9_DAGLB/
422,288.36,105.93,182.43,210884,1,FKBPTagPOI,12-Registered,preRapalog_ATG9_DAGLB/
423,1709.20,108.65,1600.54,177423,0,ATG9Cargo,12-Registered,preRapalog_ATG9_DAGLB/
424,1102.17,108.65,993.52,210884,1,ATG9Cargo,12-Registered,preRapalog_ATG9_DAGLB/
425,449.47,104.91,344.56,165080,0,FKBPTagPOI,13-Registered,preRapalog_ATG9_DAGLB/
426,281.31,104.91,176.40,177781,1,FKBPTagPOI,13-Registered,preRapalog_ATG9_DAGLB/
427,1173.81,106.64,1067.17,165080,0,ATG9Cargo,13-Registered,preRapalog_ATG9_DAGLB/
428,729.21,106.64,622.56,177781,1,ATG9Cargo,13-Registered,preRapalog_ATG9_DAGLB/
429,491.63,104.94,386.69,200671,0,FKBPTagPOI,14-Registered,preRapalog_ATG9_DAGLB/
430,333.51,104.94,228.57,206893,1,FKBPTagPOI,14-Registered,preRapalog_ATG9_DAGLB/
431,1528.60,106.53,1422.08,200671,0,ATG9Cargo,14-Registered,preRapalog_ATG9_DAGLB/
432,1000.89,106.53,894.36,206893,1,ATG9Cargo,14-Registered,preRapalog_ATG9_DAGLB/
433,1070.15,105.39,964.75,134623,0,FKBPTagPOI,15-Registered,preRapalog_ATG9_DAGLB/
434,614.56,105.39,509.17,142799,1,FKBPTagPOI,15-Registered,preRapalog_ATG9_DAGLB/
435,1706.15,107.75,1598.40,134623,0,ATG9Cargo,15-Registered,preRapalog_ATG9_DAGLB/
436,1166.33,107.75,1058.58,142799,1,ATG9Cargo,15-Registered,preRapalog_ATG9_DAGLB/
437,236.24,105.00,131.25,197662,0,FKBPTagPOI,16-Registered,preRapalog_ATG9_DAGLB/
438,179.89,105.00,74.89,225102,1,FKBPTagPOI,16-Registered,preRapalog_ATG9_DAGLB/
439,900.29,106.71,793.58,197662,0,ATG9Cargo,16-Registered,preRapalog_ATG9_DAGLB/
440,541.47,106.71,434.76,225102,1,ATG9Cargo,16-Registered,preRapalog_ATG9_DAGLB/
441,550.05,104.66,445.39,53531,0,FKBPTagPOI,17-Registered,preRapalog_ATG9_DAGLB/
442,376.26,104.66,271.60,88356,1,FKBPTagPOI,17-Registered,preRapalog_ATG9_DAGLB/
443,1919.43,105.65,1813.78,53531,0,ATG9Cargo,17-Registered,preRapalog_ATG9_DAGLB/
444,1381.86,105.65,1276.21,88356,1,ATG9Cargo,17-Registered,preRapalog_ATG9_DAGLB/
445,994.38,104.93,889.44,130936,0,FKBPTagPOI,18-Registered,preRapalog_ATG9_DAGLB/
446,522.98,104.93,418.04,106171,1,FKBPTagPOI,18-Registered,preRapalog_ATG9_DAGLB/
447,2269.13,107.04,2162.09,130936,0,ATG9Cargo,18-Registered,preRapalog_ATG9_DAGLB/
448,1441.82,107.04,1334.78,106171,1,ATG9Cargo,18-Registered,preRapalog_ATG9_DAGLB/
449,403.86,105.11,298.75,159573,0,FKBPTagPOI,19-Registered,preRapalog_ATG9_DAGLB/
450,260.98,105.11,155.86,168595,1,FKBPTagPOI,19-Registered,preRapalog_ATG9_DAGLB/
451,1983.64,106.74,1876.90,159573,0,ATG9Cargo,19-Registered,preRapalog_ATG9_DAGLB/
452,1176.54,106.74,1069.80,168595,1,ATG9Cargo,19-Registered,preRapalog_ATG9_DAGLB/
453,497.40,104.59,392.82,154953,0,FKBPTagPOI,20-Registered,preRapalog_ATG9_DAGLB/
454,348.08,104.59,243.49,242229,1,FKBPTagPOI,20-Registered,preRapalog_ATG9_DAGLB/
455,1902.92,105.97,1796.95,154953,0,ATG9Cargo,20-Registered,preRapalog_ATG9_DAGLB/
456,1259.45,105.97,1153.48,242229,1,ATG9Cargo,20-Registered,preRapalog_ATG9_DAGLB/
457,283.45,106.58,176.87,174232,0,FKBPTagPOI,21-Registered,preRapalog_ATG9_DAGLB/
458,219.27,106.58,112.69,196399,1,FKBPTagPOI,21-Registered,preRapalog_ATG9_DAGLB/
459,970.80,107.42,863.38,174232,0,ATG9Cargo,21-Registered,preRapalog_ATG9_DAGLB/
460,747.69,107.42,640.27,196399,1,ATG9Cargo,21-Registered,preRapalog_ATG9_DAGLB/
461,825.57,105.63,719.93,279901,0,FKBPTagPOI,22-Registered,preRapalog_ATG9_DAGLB/
462,556.13,105.63,450.50,251584,1,FKBPTagPOI,22-Registered,preRapalog_ATG9_DAGLB/
463,1653.67,108.22,1545.45,279901,0,ATG9Cargo,22-Registered,preRapalog_ATG9_DAGLB/
464,1094.35,108.22,986.13,251584,1,ATG9Cargo,22-Registered,preRapalog_ATG9_DAGLB/
465,382.19,105.03,277.16,128157,0,FKBPTagPOI,23-Registered,preRapalog_ATG9_DAGLB/
466,331.79,105.03,226.76,166572,1,FKBPTagPOI,23-Registered,preRapalog_ATG9_DAGLB/
467,559.57,106.70,452.87,128157,0,ATG9Cargo,23-Registered,preRapalog_ATG9_DAGLB/
468,529.06,106.70,422.36,166572,1,ATG9Cargo,23-Registered,preRapalog_ATG9_DAGLB/
469,620.66,109.32,511.34,240684,0,FKBPTagPOI,24-Registered,preRapalog_ATG9_DAGLB/
470,427.99,109.32,318.67,294119,1,FKBPTagPOI,24-Registered,preRapalog_ATG9_DAGLB/
471,2075.89,114.35,1961.54,240684,0,ATG9Cargo,24-Registered,preRapalog_ATG9_DAGLB/
472,1433.22,114.35,1318.87,294119,1,ATG9Cargo,24-Registered,preRapalog_ATG9_DAGLB/
473,281.16,105.54,175.62,168711,0,FKBPTagPOI,25-Registered,preRapalog_ATG9_DAGLB/
474,192.26,105.54,86.72,317701,1,FKBPTagPOI,25-Registered,preRapalog_ATG9_DAGLB/
475,1202.85,110.44,1092.41,168711,0,ATG9Cargo,25-Registered,preRapalog_ATG9_DAGLB/
476,618.78,110.44,508.34,317701,1,ATG9Cargo,25-Registered,preRapalog_ATG9_DAGLB/
477,251.17,105.39,145.79,219010,0,FKBPTagPOI,02-Registered,preRapalog_EmptyV_DAGLB/
478,254.73,105.39,149.34,239915,1,FKBPTagPOI,02-Registered,preRapalog_EmptyV_DAGLB/
479,926.60,106.91,819.70,219010,0,ATG9Cargo,02-Registered,preRapalog_EmptyV_DAGLB/
480,715.07,106.91,608.17,239915,1,ATG9Cargo,02-Registered,preRapalog_EmptyV_DAGLB/
481,250.83,106.26,144.57,142878,0,FKBPTagPOI,03-Registered,preRapalog_EmptyV_DAGLB/
482,201.08,106.26,94.82,173198,1,FKBPTagPOI,03-Registered,preRapalog_EmptyV_DAGLB/
483,860.47,110.21,750.25,142878,0,ATG9Cargo,03-Registered,preRapalog_EmptyV_DAGLB/
484,489.64,110.21,379.43,173198,1,ATG9Cargo,03-Registered,preRapalog_EmptyV_DAGLB/
485,386.00,104.55,281.44,217803,0,FKBPTagPOI,04-Registered,preRapalog_EmptyV_DAGLB/
486,343.75,104.55,239.20,302193,1,FKBPTagPOI,04-Registered,preRapalog_EmptyV_DAGLB/
487,1680.46,106.83,1573.63,217803,0,ATG9Cargo,04-Registered,preRapalog_EmptyV_DAGLB/
488,1199.22,106.83,1092.38,302193,1,ATG9Cargo,04-Registered,preRapalog_EmptyV_DAGLB/
489,720.15,108.09,612.06,303005,0,FKBPTagPOI,05-Registered,preRapalog_EmptyV_DAGLB/
490,562.60,108.09,454.51,347554,1,FKBPTagPOI,05-Registered,preRapalog_EmptyV_DAGLB/
491,1617.33,111.26,1506.07,303005,0,ATG9Cargo,05-Registered,preRapalog_EmptyV_DAGLB/
492,938.99,111.26,827.72,347554,1,ATG9Cargo,05-Registered,preRapalog_EmptyV_DAGLB/
493,195.22,104.90,90.32,162493,0,FKBPTagPOI,06-Registered,preRapalog_EmptyV_DAGLB/
494,174.82,104.90,69.92,225427,1,FKBPTagPOI,06-Registered,preRapalog_EmptyV_DAGLB/
495,774.65,106.81,667.84,162493,0,ATG9Cargo,06-Registered,preRapalog_EmptyV_DAGLB/
496,547.10,106.81,440.29,225427,1,ATG9Cargo,06-Registered,preRapalog_EmptyV_DAGLB/
497,383.53,105.92,277.61,241092,0,FKBPTagPOI,07-Registered,preRapalog_EmptyV_DAGLB/
498,347.38,105.92,241.46,258861,1,FKBPTagPOI,07-Registered,preRapalog_EmptyV_DAGLB/
499,1022.07,109.80,912.28,241092,0,ATG9Cargo,07-Registered,preRapalog_EmptyV_DAGLB/
500,800.23,109.80,690.43,258861,1,ATG9Cargo,07-Registered,preRapalog_EmptyV_DAGLB/
501,479.44,105.23,374.21,79479,0,FKBPTagPOI,08-Registered,preRapalog_EmptyV_DAGLB/
502,377.02,105.23,271.79,97182,1,FKBPTagPOI,08-Registered,preRapalog_EmptyV_DAGLB/
503,1283.38,106.60,1176.78,79479,0,ATG9Cargo,08-Registered,preRapalog_EmptyV_DAGLB/
504,834.63,106.60,728.03,97182,1,ATG9Cargo,08-Registered,preRapalog_EmptyV_DAGLB/
505,243.39,105.86,137.53,189818,0,FKBPTagPOI,09-Registered,preRapalog_EmptyV_DAGLB/
506,222.80,105.86,116.94,218920,1,FKBPTagPOI,09-Registered,preRapalog_EmptyV_DAGLB/
507,1807.52,113.92,1693.59,189818,0,ATG9Cargo,09-Registered,preRapalog_EmptyV_DAGLB/
508,1245.09,113.92,1131.17,218920,1,ATG9Cargo,09-Registered,preRapalog_EmptyV_DAGLB/
509,311.97,106.39,205.58,310482,0,FKBPTagPOI,10-Registered,preRapalog_EmptyV_DAGLB/
510,287.06,106.39,180.67,350803,1,FKBPTagPOI,10-Registered,preRapalog_EmptyV_DAGLB/
511,2392.96,110.82,2282.14,310482,0,ATG9Cargo,10-Registered,preRapalog_EmptyV_DAGLB/
512,1291.85,110.82,1181.04,350803,1,ATG9Cargo,10-Registered,preRapalog_EmptyV_DAGLB/
513,438.85,106.34,332.51,240809,0,FKBPTagPOI,11-Registered,preRapalog_EmptyV_DAGLB/
514,387.95,106.34,281.61,327587,1,FKBPTagPOI,11-Registered,preRapalog_EmptyV_DAGLB/
515,1364.18,109.08,1255.10,240809,0,ATG9Cargo,11-Registered,preRapalog_EmptyV_DAGLB/
516,1024.69,109.08,915.61,327587,1,ATG9Cargo,11-Registered,preRapalog_EmptyV_DAGLB/
517,466.66,110.38,356.29,271102,0,FKBPTagPOI,12-Registered,preRapalog_EmptyV_DAGLB/
518,358.44,110.38,248.06,404315,1,FKBPTagPOI,12-Registered,preRapalog_EmptyV_DAGLB/
519,518.00,112.94,405.06,271102,0,ATG9Cargo,12-Registered,preRapalog_EmptyV_DAGLB/
520,366.37,112.94,253.44,404315,1,ATG9Cargo,12-Registered,preRapalog_EmptyV_DAGLB/
521,322.65,105.78,216.87,308667,0,FKBPTagPOI,13-Registered,preRapalog_EmptyV_DAGLB/
522,281.54,105.78,175.76,373734,1,FKBPTagPOI,13-Registered,preRapalog_EmptyV_DAGLB/
523,930.40,108.09,822.31,308667,0,ATG9Cargo,13-Registered,preRapalog_EmptyV_DAGLB/
524,617.17,108.09,509.09,373734,1,ATG9Cargo,13-Registered,preRapalog_EmptyV_DAGLB/
525,196.72,106.35,90.37,152346,0,FKBPTagPOI,14-Registered,preRapalog_EmptyV_DAGLB/
526,169.88,106.35,63.53,227373,1,FKBPTagPOI,14-Registered,preRapalog_EmptyV_DAGLB/
527,486.25,110.87,375.38,152346,0,ATG9Cargo,14-Registered,preRapalog_EmptyV_DAGLB/
528,402.19,110.87,291.31,227373,1,ATG9Cargo,14-Registered,preRapalog_EmptyV_DAGLB/
529,222.16,104.29,117.86,176000,0,FKBPTagPOI,15-Registered,preRapalog_EmptyV_DAGLB/
530,217.27,104.29,112.98,272522,1,FKBPTagPOI,15-Registered,preRapalog_EmptyV_DAGLB/
531,762.09,105.79,656.30,176000,0,ATG9Cargo,15-Registered,preRapalog_EmptyV_DAGLB/
532,543.77,105.79,437.98,272522,1,ATG9Cargo,15-Registered,preRapalog_EmptyV_DAGLB/
533,244.59,104.99,139.60,190193,0,FKBPTagPOI,16-Registered,preRapalog_EmptyV_DAGLB/
534,214.78,104.99,109.79,256764,1,FKBPTagPOI,16-Registered,preRapalog_EmptyV_DAGLB/
535,1584.23,107.66,1476.57,190193,0,ATG9Cargo,16-Registered,preRapalog_EmptyV_DAGLB/
536,1183.97,107.66,1076.31,256764,1,ATG9Cargo,16-Registered,preRapalog_EmptyV_DAGLB/
537,159.09,104.51,54.58,112403,0,FKBPTagPOI,17-Registered,preRapalog_EmptyV_DAGLB/
538,141.92,104.51,37.40,136764,1,FKBPTagPOI,17-Registered,preRapalog_EmptyV_DAGLB/
539,648.70,105.99,542.71,112403,0,ATG9Cargo,17-Registered,preRapalog_EmptyV_DAGLB/
540,397.74,105.99,291.75,136764,1,ATG9Cargo,17-Registered,preRapalog_EmptyV_DAGLB/
541,678.79,105.13,573.65,228421,0,FKBPTagPOI,18-Registered,preRapalog_EmptyV_DAGLB/
542,459.38,105.13,354.25,227780,1,FKBPTagPOI,18-Registered,preRapalog_EmptyV_DAGLB/
543,1376.80,106.53,1270.27,228421,0,ATG9Cargo,18-Registered,preRapalog_EmptyV_DAGLB/
544,821.93,106.53,715.40,227780,1,ATG9Cargo,18-Registered,preRapalog_EmptyV_DAGLB/
545,323.87,104.47,219.40,135379,0,FKBPTagPOI,19-Registered,preRapalog_EmptyV_DAGLB/
546,214.88,104.47,110.41,217658,1,FKBPTagPOI,19-Registered,preRapalog_EmptyV_DAGLB/
547,486.13,106.36,379.77,135379,0,ATG9Cargo,19-Registered,preRapalog_EmptyV_DAGLB/
548,283.03,106.36,176.67,217658,1,ATG9Cargo,19-Registered,preRapalog_EmptyV_DAGLB/
549,249.16,105.26,143.91,91956,0,FKBPTagPOI,20-Registered,preRapalog_EmptyV_DAGLB/
550,197.38,105.26,92.12,206463,1,FKBPTagPOI,20-Registered,preRapalog_EmptyV_DAGLB/
551,1030.60,107.59,923.01,91956,0,ATG9Cargo,20-Registered,preRapalog_EmptyV_DAGLB/
552,596.06,107.59,488.46,206463,1,ATG9Cargo,20-Registered,preRapalog_EmptyV_DAGLB/
553,725.20,199.70,525.50,318942,0,FKBPTagPOI,01-Registered,preRapalog_TPDmut_DAGLB/
554,537.17,199.70,337.47,241165,1,FKBPTagPOI,01-Registered,preRapalog_TPDmut_DAGLB/
555,347.97,109.58,238.39,318942,0,ATG9Cargo,01-Registered,preRapalog_TPDmut_DAGLB/
556,197.35,109.58,87.77,241165,1,ATG9Cargo,01-Registered,preRapalog_TPDmut_DAGLB/
557,355.44,162.06,193.38,244585,0,FKBPTagPOI,02-Registered,preRapalog_TPDmut_DAGLB/
558,301.74,162.06,139.68,295950,1,FKBPTagPOI,02-Registered,preRapalog_TPDmut_DAGLB/
559,209.95,115.91,94.05,244585,0,ATG9Cargo,02-Registered,preRapalog_TPDmut_DAGLB/
560,182.35,115.91,66.44,295950,1,ATG9Cargo,02-Registered,preRapalog_TPDmut_DAGLB/
561,570.25,193.26,376.99,368174,0,FKBPTagPOI,03-Registered,preRapalog_TPDmut_DAGLB/
562,433.97,193.26,240.72,336009,1,FKBPTagPOI,03-Registered,preRapalog_TPDmut_DAGLB/
563,329.34,113.31,216.03,368174,0,ATG9Cargo,03-Registered,preRapalog_TPDmut_DAGLB/
564,230.55,113.31,117.24,336009,1,ATG9Cargo,03-Registered,preRapalog_TPDmut_DAGLB/
565,687.73,209.52,478.21,236626,0,FKBPTagPOI,04-Registered,preRapalog_TPDmut_DAGLB/
566,434.00,209.52,224.49,239637,1,FKBPTagPOI,04-Registered,preRapalog_TPDmut_DAGLB/
567,318.62,112.03,206.59,236626,0,ATG9Cargo,04-Registered,preRapalog_TPDmut_DAGLB/
568,247.05,112.03,135.03,239637,1,ATG9Cargo,04-Registered,preRapalog_TPDmut_DAGLB/
569,1617.18,149.48,1467.70,217866,0,FKBPTagPOI,05-Registered,preRapalog_TPDmut_DAGLB/
570,1149.87,149.48,1000.38,214159,1,FKBPTagPOI,05-Registered,preRapalog_TPDmut_DAGLB/
571,366.36,106.99,259.37,217866,0,ATG9Cargo,05-Registered,preRapalog_TPDmut_DAGLB/
572,310.75,106.99,203.75,214159,1,ATG9Cargo,05-Registered,preRapalog_TPDmut_DAGLB/
573,632.33,119.16,513.16,281298,0,FKBPTagPOI,06-Registered,preRapalog_TPDmut_DAGLB/
574,502.93,119.16,383.76,278803,1,FKBPTagPOI,06-Registered,preRapalog_TPDmut_DAGLB/
575,396.59,110.45,286.14,281298,0,ATG9Cargo,06-Registered,preRapalog_TPDmut_DAGLB/
576,283.60,110.45,173.14,278803,1,ATG9Cargo,06-Registered,preRapalog_TPDmut_DAGLB/
577,473.42,115.12,358.30,120394,0,FKBPTagPOI,07-Registered,preRapalog_TPDmut_DAGLB/
578,480.50,115.12,365.38,149070,1,FKBPTagPOI,07-Registered,preRapalog_TPDmut_DAGLB/
579,1180.26,109.98,1070.28,120394,0,ATG9Cargo,07-Registered,preRapalog_TPDmut_DAGLB/
580,1061.75,109.98,951.76,149070,1,ATG9Cargo,07-Registered,preRapalog_TPDmut_DAGLB/
581,291.02,113.52,177.50,160016,0,FKBPTagPOI,08-Registered,preRapalog_TPDmut_DAGLB/
582,237.66,113.52,124.15,143353,1,FKBPTagPOI,08-Registered,preRapalog_TPDmut_DAGLB/
583,529.07,108.06,421.01,160016,0,ATG9Cargo,08-Registered,preRapalog_TPDmut_DAGLB/
584,357.38,108.06,249.32,143353,1,ATG9Cargo,08-Registered,preRapalog_TPDmut_DAGLB/
585,684.91,118.82,566.08,313859,0,FKBPTagPOI,09-Registered,preRapalog_TPDmut_DAGLB/
586,554.27,118.82,435.45,361605,1,FKBPTagPOI,09-Registered,preRapalog_TPDmut_DAGLB/
587,460.18,113.17,347.01,313859,0,ATG9Cargo,09-Registered,preRapalog_TPDmut_DAGLB/
588,400.61,113.17,287.44,361605,1,ATG9Cargo,09-Registered,preRapalog_TPDmut_DAGLB/
589,944.97,115.75,829.22,389394,0,FKBPTagPOI,10-Registered,preRapalog_TPDmut_DAGLB/
590,700.24,115.75,584.49,388395,1,FKBPTagPOI,10-Registered,preRapalog_TPDmut_DAGLB/
591,784.56,109.67,674.89,389394,0,ATG9Cargo,10-Registered,preRapalog_TPDmut_DAGLB/
592,600.36,109.67,490.69,388395,1,ATG9Cargo,10-Registered,preRapalog_TPDmut_DAGLB/
593,500.53,116.13,384.40,215204,0,FKBPTagPOI,11-Registered,preRapalog_TPDmut_DAGLB/
594,379.16,116.13,263.03,261961,1,FKBPTagPOI,11-Registered,preRapalog_TPDmut_DAGLB/
595,399.39,110.18,289.21,215204,0,ATG9Cargo,11-Registered,preRapalog_TPDmut_DAGLB/
596,292.96,110.18,182.78,261961,1,ATG9Cargo,11-Registered,preRapalog_TPDmut_DAGLB/
597,780.97,114.61,666.36,189152,0,FKBPTagPOI,12-Registered,preRapalog_TPDmut_DAGLB/
598,378.24,114.61,263.62,251012,1,FKBPTagPOI,12-Registered,preRapalog_TPDmut_DAGLB/
599,506.91,108.40,398.51,189152,0,ATG9Cargo,12-Registered,preRapalog_TPDmut_DAGLB/
600,269.50,108.40,161.10,251012,1,ATG9Cargo,12-Registered,preRapalog_TPDmut_DAGLB/
601,1134.59,157.01,977.57,249698,0,FKBPTagPOI,13-Registered,preRapalog_TPDmut_DAGLB/
602,690.59,157.01,533.57,333514,1,FKBPTagPOI,13-Registered,preRapalog_TPDmut_DAGLB/
603,605.51,125.21,480.30,249698,0,ATG9Cargo,13-Registered,preRapalog_TPDmut_DAGLB/
604,393.66,125.21,268.46,333514,1,ATG9Cargo,13-Registered,preRapalog_TPDmut_DAGLB/
605,539.50,202.07,337.43,240251,0,FKBPTagPOI,14-Registered,preRapalog_TPDmut_DAGLB/
606,439.32,202.07,237.25,311077,1,FKBPTagPOI,14-Registered,preRapalog_TPDmut_DAGLB/
607,265.71,110.69,155.02,240251,0,ATG9Cargo,14-Registered,preRapalog_TPDmut_DAGLB/
608,226.16,110.69,115.47,311077,1,ATG9Cargo,14-Registered,preRapalog_TPDmut_DAGLB/
609,292.73,117.26,175.47,300509,0,FKBPTagPOI,15-Registered,preRapalog_TPDmut_DAGLB/
610,251.45,117.26,134.19,379452,1,FKBPTagPOI,15-Registered,preRapalog_TPDmut_DAGLB/
611,299.66,109.74,189.92,300509,0,ATG9Cargo,15-Registered,preRapalog_TPDmut_DAGLB/
612,219.67,109.74,109.93,379452,1,ATG9Cargo,15-Registered,preRapalog_TPDmut_DAGLB/
613,670.76,127.94,542.82,267813,0,FKBPTagPOI,16-Registered,preRapalog_TPDmut_DAGLB/
614,528.67,127.94,400.73,372617,1,FKBPTagPOI,16-Registered,preRapalog_TPDmut_DAGLB/
615,546.75,110.26,436.49,267813,0,ATG9Cargo,16-Registered,preRapalog_TPDmut_DAGLB/
616,421.66,110.26,311.40,372617,1,ATG9Cargo,16-Registered,preRapalog_TPDmut_DAGLB/
617,464.71,148.44,316.27,225361,0,FKBPTagPOI,17-Registered,preRapalog_TPDmut_DAGLB/
618,348.74,148.44,200.30,238653,1,FKBPTagPOI,17-Registered,preRapalog_TPDmut_DAGLB/
619,385.64,106.67,278.97,225361,0,ATG9Cargo,17-Registered,preRapalog_TPDmut_DAGLB/
620,251.61,106.67,144.93,238653,1,ATG9Cargo,17-Registered,preRapalog_TPDmut_DAGLB/
621,1018.52,127.32,891.20,313515,0,FKBPTagPOI,18-Registered,preRapalog_TPDmut_DAGLB/
622,592.53,127.32,465.21,272385,1,FKBPTagPOI,18-Registered,preRapalog_TPDmut_DAGLB/
623,544.08,114.26,429.82,313515,0,ATG9Cargo,18-Registered,preRapalog_TPDmut_DAGLB/
624,337.78,114.26,223.52,272385,1,ATG9Cargo,18-Registered,preRapalog_TPDmut_DAGLB/
625,536.67,115.66,421.01,329678,0,FKBPTagPOI,19-Registered,preRapalog_TPDmut_DAGLB/
626,348.83,115.66,233.17,373570,1,FKBPTagPOI,19-Registered,preRapalog_TPDmut_DAGLB/
627,588.61,110.38,478.23,329678,0,ATG9Cargo,19-Registered,preRapalog_TPDmut_DAGLB/
628,383.06,110.38,272.68,373570,1,ATG9Cargo,19-Registered,preRapalog_TPDmut_DAGLB/
629,471.74,112.54,359.20,295818,0,FKBPTagPOI,20-Registered,preRapalog_TPDmut_DAGLB/
630,361.63,112.54,249.09,269168,1,FKBPTagPOI,20-Registered,preRapalog_TPDmut_DAGLB/
631,271.38,105.88,165.49,295818,0,ATG9Cargo,20-Registered,preRapalog_TPDmut_DAGLB/
632,219.36,105.88,113.48,269168,1,ATG9Cargo,20-Registered,preRapalog_TPDmut_DAGLB/
633,222.52,125.72,96.80,97735,0,FKBPTagPOI,21-Registered,preRapalog_TPDmut_DAGLB/
634,200.92,125.72,75.20,119939,1,FKBPTagPOI,21-Registered,preRapalog_TPDmut_DAGLB/
635,1169.58,106.26,1063.32,97735,0,ATG9Cargo,21-Registered,preRapalog_TPDmut_DAGLB/
636,922.50,106.26,816.24,119939,1,ATG9Cargo,21-Registered,preRapalog_TPDmut_DAGLB/
637,529.46,112.56,416.90,169407,0,FKBPTagPOI,22-Registered,preRapalog_TPDmut_DAGLB/
638,358.91,112.56,246.34,134493,1,FKBPTagPOI,22-Registered,preRapalog_TPDmut_DAGLB/
639,328.74,106.01,222.74,169407,0,ATG9Cargo,22-Registered,preRapalog_TPDmut_DAGLB/
640,185.03,106.01,79.02,134493,1,ATG9Cargo,22-Registered,preRapalog_TPDmut_DAGLB/
641,429.65,113.21,316.44,162067,0,FKBPTagPOI,23-Registered,preRapalog_TPDmut_DAGLB/
642,330.54,113.21,217.33,189496,1,FKBPTagPOI,23-Registered,preRapalog_TPDmut_DAGLB/
643,475.23,106.15,369.09,162067,0,ATG9Cargo,23-Registered,preRapalog_TPDmut_DAGLB/
644,342.09,106.15,235.94,189496,1,ATG9Cargo,23-Registered,preRapalog_TPDmut_DAGLB/
645,536.46,113.18,423.28,276214,0,FKBPTagPOI,24-Registered,preRapalog_TPDmut_DAGLB/
646,389.34,113.18,276.16,266133,1,FKBPTagPOI,24-Registered,preRapalog_TPDmut_DAGLB/
647,386.31,106.35,279.96,276214,0,ATG9Cargo,24-Registered,preRapalog_TPDmut_DAGLB/
648,278.06,106.35,171.71,266133,1,ATG9Cargo,24-Registered,preRapalog_TPDmut_DAGLB/
649,366.74,107.78,258.96,199752,0,FKBPTagPOI,01-Registered,preRapalog_TPDwt_DAGLB/
650,214.35,107.78,106.57,337051,1,FKBPTagPOI,01-Registered,preRapalog_TPDwt_DAGLB/
651,393.67,108.59,285.08,199752,0,ATG9Cargo,01-Registered,preRapalog_TPDwt_DAGLB/
652,198.21,108.59,89.63,337051,1,ATG9Cargo,01-Registered,preRapalog_TPDwt_DAGLB/
653,1137.97,108.65,1029.32,157044,0,FKBPTagPOI,02-Registered,preRapalog_TPDwt_DAGLB/
654,678.09,108.65,569.43,181520,1,FKBPTagPOI,02-Registered,preRapalog_TPDwt_DAGLB/
655,1381.21,108.69,1272.51,157044,0,ATG9Cargo,02-Registered,preRapalog_TPDwt_DAGLB/
656,622.22,108.69,513.53,181520,1,ATG9Cargo,02-Registered,preRapalog_TPDwt_DAGLB/
657,1249.59,120.99,1128.60,213981,0,FKBPTagPOI,03-Registered,preRapalog_TPDwt_DAGLB/
658,607.78,120.99,486.79,347546,1,FKBPTagPOI,03-Registered,preRapalog_TPDwt_DAGLB/
659,746.40,109.90,636.50,213981,0,ATG9Cargo,03-Registered,preRapalog_TPDwt_DAGLB/
660,350.28,109.90,240.38,347546,1,ATG9Cargo,03-Registered,preRapalog_TPDwt_DAGLB/
661,854.34,109.46,744.88,244681,0,FKBPTagPOI,04-Registered,preRapalog_TPDwt_DAGLB/
662,579.80,109.46,470.35,260822,1,FKBPTagPOI,04-Registered,preRapalog_TPDwt_DAGLB/
663,784.02,110.00,674.02,244681,0,ATG9Cargo,04-Registered,preRapalog_TPDwt_DAGLB/
664,502.85,110.00,392.84,260822,1,ATG9Cargo,04-Registered,preRapalog_TPDwt_DAGLB/
665,442.01,109.38,332.63,250064,0,FKBPTagPOI,05-Registered,preRapalog_TPDwt_DAGLB/
666,257.10,109.38,147.72,267153,1,FKBPTagPOI,05-Registered,preRapalog_TPDwt_DAGLB/
667,244.87,107.86,137.01,250064,0,ATG9Cargo,05-Registered,preRapalog_TPDwt_DAGLB/
668,176.87,107.86,69.02,267153,1,ATG9Cargo,05-Registered,preRapalog_TPDwt_DAGLB/
669,1269.12,109.03,1160.09,158576,0,FKBPTagPOI,06-Registered,preRapalog_TPDwt_DAGLB/
670,810.30,109.03,701.27,197640,1,FKBPTagPOI,06-Registered,preRapalog_TPDwt_DAGLB/
671,1192.01,112.77,1079.25,158576,0,ATG9Cargo,06-Registered,preRapalog_TPDwt_DAGLB/
672,724.11,112.77,611.34,197640,1,ATG9Cargo,06-Registered,preRapalog_TPDwt_DAGLB/
673,585.43,111.00,474.44,222452,0,FKBPTagPOI,07-Registered,preRapalog_TPDwt_DAGLB/
674,378.95,111.00,267.96,277832,1,FKBPTagPOI,07-Registered,preRapalog_TPDwt_DAGLB/
675,442.29,113.71,328.57,222452,0,ATG9Cargo,07-Registered,preRapalog_TPDwt_DAGLB/
676,274.77,113.71,161.06,277832,1,ATG9Cargo,07-Registered,preRapalog_TPDwt_DAGLB/
677,594.06,110.61,483.45,216289,0,FKBPTagPOI,08-Registered,preRapalog_TPDwt_DAGLB/
678,392.46,110.61,281.85,283199,1,FKBPTagPOI,08-Registered,preRapalog_TPDwt_DAGLB/
679,447.18,112.57,334.62,216289,0,ATG9Cargo,08-Registered,preRapalog_TPDwt_DAGLB/
680,283.76,112.57,171.19,283199,1,ATG9Cargo,08-Registered,preRapalog_TPDwt_DAGLB/
681,1127.76,111.65,1016.11,171173,0,FKBPTagPOI,09-Registered,preRapalog_TPDwt_DAGLB/
682,788.38,111.65,676.73,177769,1,FKBPTagPOI,09-Registered,preRapalog_TPDwt_DAGLB/
683,874.79,110.37,764.42,171173,0,ATG9Cargo,09-Registered,preRapalog_TPDwt_DAGLB/
684,643.83,110.37,533.46,177769,1,ATG9Cargo,09-Registered,preRapalog_TPDwt_DAGLB/
685,758.36,110.46,647.90,331669,0,FKBPTagPOI,10-Registered,preRapalog_TPDwt_DAGLB/
686,521.20,110.46,410.73,388526,1,FKBPTagPOI,10-Registered,preRapalog_TPDwt_DAGLB/
687,1056.18,116.18,940.00,331669,0,ATG9Cargo,10-Registered,preRapalog_TPDwt_DAGLB/
688,581.59,116.18,465.41,388526,1,ATG9Cargo,10-Registered,preRapalog_TPDwt_DAGLB/
689,773.12,110.46,662.66,359329,0,FKBPTagPOI,11-Registered,preRapalog_TPDwt_DAGLB/
690,421.07,110.46,310.61,357675,1,FKBPTagPOI,11-Registered,preRapalog_TPDwt_DAGLB/
691,464.14,112.03,352.11,359329,0,ATG9Cargo,11-Registered,preRapalog_TPDwt_DAGLB/
692,271.42,112.03,159.39,357675,1,ATG9Cargo,11-Registered,preRapalog_TPDwt_DAGLB/
693,1189.44,110.62,1078.82,227972,0,FKBPTagPOI,12-Registered,preRapalog_TPDwt_DAGLB/
694,799.60,110.62,688.98,304111,1,FKBPTagPOI,12-Registered,preRapalog_TPDwt_DAGLB/
695,448.49,111.28,337.21,227972,0,ATG9Cargo,12-Registered,preRapalog_TPDwt_DAGLB/
696,364.33,111.28,253.06,304111,1,ATG9Cargo,12-Registered,preRapalog_TPDwt_DAGLB/
697,690.88,126.91,563.97,209334,0,FKBPTagPOI,13-Registered,preRapalog_TPDwt_DAGLB/
698,591.49,126.91,464.58,266247,1,FKBPTagPOI,13-Registered,preRapalog_TPDwt_DAGLB/
699,734.01,114.66,619.36,209334,0,ATG9Cargo,13-Registered,preRapalog_TPDwt_DAGLB/
700,535.19,114.66,420.53,266247,1,ATG9Cargo,13-Registered,preRapalog_TPDwt_DAGLB/
701,1449.63,108.96,1340.68,234610,0,FKBPTagPOI,14-Registered,preRapalog_TPDwt_DAGLB/
702,1012.88,108.96,903.93,265648,1,FKBPTagPOI,14-Registered,preRapalog_TPDwt_DAGLB/
703,1830.98,112.31,1718.67,234610,0,ATG9Cargo,14-Registered,preRapalog_TPDwt_DAGLB/
704,1379.11,112.31,1266.80,265648,1,ATG9Cargo,14-Registered,preRapalog_TPDwt_DAGLB/
705,712.51,111.63,600.89,206477,0,FKBPTagPOI,15-Registered,preRapalog_TPDwt_DAGLB/
706,595.44,111.63,483.82,298840,1,FKBPTagPOI,15-Registered,preRapalog_TPDwt_DAGLB/
707,440.36,110.51,329.84,206477,0,ATG9Cargo,15-Registered,preRapalog_TPDwt_DAGLB/
708,338.57,110.51,228.05,298840,1,ATG9Cargo,15-Registered,preRapalog_TPDwt_DAGLB/
709,1114.82,112.60,1002.22,204158,0,FKBPTagPOI,16-Registered,preRapalog_TPDwt_DAGLB/
710,950.30,112.60,837.70,280626,1,FKBPTagPOI,16-Registered,preRapalog_TPDwt_DAGLB/
711,622.86,112.05,510.81,204158,0,ATG9Cargo,16-Registered,preRapalog_TPDwt_DAGLB/
712,504.30,112.05,392.25,280626,1,ATG9Cargo,16-Registered,preRapalog_TPDwt_DAGLB/
713,1077.91,111.70,966.21,170406,0,FKBPTagPOI,17-Registered,preRapalog_TPDwt_DAGLB/
714,817.15,111.70,705.45,271449,1,FKBPTagPOI,17-Registered,preRapalog_TPDwt_DAGLB/
715,519.80,111.15,408.65,170406,0,ATG9Cargo,17-Registered,preRapalog_TPDwt_DAGLB/
716,409.57,111.15,298.42,271449,1,ATG9Cargo,17-Registered,preRapalog_TPDwt_DAGLB/
717,727.81,107.59,620.22,200356,0,FKBPTagPOI,18-Registered,preRapalog_TPDwt_DAGLB/
718,530.29,107.59,422.70,249453,1,FKBPTagPOI,18-Registered,preRapalog_TPDwt_DAGLB/
719,513.75,109.55,404.20,200356,0,ATG9Cargo,18-Registered,preRapalog_TPDwt_DAGLB/
720,346.38,109.55,236.83,249453,1,ATG9Cargo,18-Registered,preRapalog_TPDwt_DAGLB/
721,684.00,110.93,573.07,272406,0,FKBPTagPOI,19-Registered,preRapalog_TPDwt_DAGLB/
722,417.61,110.93,306.67,361711,1,FKBPTagPOI,19-Registered,preRapalog_TPDwt_DAGLB/
723,592.20,111.43,480.76,272406,0,ATG9Cargo,19-Registered,preRapalog_TPDwt_DAGLB/
724,404.24,111.43,292.80,361711,1,ATG9Cargo,19-Registered,preRapalog_TPDwt_DAGLB/
725,1716.72,110.28,1606.44,180905,0,FKBPTagPOI,20-Registered,preRapalog_TPDwt_DAGLB/
726,1016.01,110.28,905.73,212623,1,FKBPTagPOI,20-Registered,preRapalog_TPDwt_DAGLB/
727,714.08,110.24,603.84,180905,0,ATG9Cargo,20-Registered,preRapalog_TPDwt_DAGLB/
728,427.16,110.24,316.92,212623,1,ATG9Cargo,20-Registered,preRapalog_TPDwt_DAGLB/
729,1112.76,108.35,1004.40,115936,0,FKBPTagPOI,21-Registered,preRapalog_TPDwt_DAGLB/
730,538.18,108.35,429.83,159551,1,FKBPTagPOI,21-Registered,preRapalog_TPDwt_DAGLB/
731,1211.71,108.82,1102.89,115936,0,ATG9Cargo,21-Registered,preRapalog_TPDwt_DAGLB/
732,538.41,108.82,429.60,159551,1,ATG9Cargo,21-Registered,preRapalog_TPDwt_DAGLB/
733,536.72,114.77,421.95,439785,0,FKBPTagPOI,22-Registered,preRapalog_TPDwt_DAGLB/
734,350.40,114.77,235.63,355464,1,FKBPTagPOI,22-Registered,preRapalog_TPDwt_DAGLB/
735,272.46,111.17,161.30,439785,0,ATG9Cargo,22-Registered,preRapalog_TPDwt_DAGLB/
736,198.95,111.17,87.78,355464,1,ATG9Cargo,22-Registered,preRapalog_TPDwt_DAGLB/
737,355.63,107.92,247.71,249666,0,FKBPTagPOI,23-Registered,preRapalog_TPDwt_DAGLB/
738,263.91,107.92,155.99,272689,1,FKBPTagPOI,23-Registered,preRapalog_TPDwt_DAGLB/
739,212.63,108.87,103.76,249666,0,ATG9Cargo,23-Registered,preRapalog_TPDwt_DAGLB/
740,182.51,108.87,73.65,272689,1,ATG9Cargo,23-Registered,preRapalog_TPDwt_DAGLB/
741,1161.05,111.45,1049.60,234308,0,FKBPTagPOI,24-Registered,preRapalog_TPDwt_DAGLB/
742,698.14,111.45,586.69,274511,1,FKBPTagPOI,24-Registered,preRapalog_TPDwt_DAGLB/
743,352.17,110.38,241.79,234308,0,ATG9Cargo,24-Registered,preRapalog_TPDwt_DAGLB/
744,247.52,110.38,137.14,274511,1,ATG9Cargo,24-Registered,preRapalog_TPDwt_DAGLB/
745,704.01,109.10,594.91,195302,0,FKBPTagPOI,25-Registered,preRapalog_TPDwt_DAGLB/
746,541.56,109.10,432.46,246587,1,FKBPTagPOI,25-Registered,preRapalog_TPDwt_DAGLB/
747,1291.00,109.64,1181.36,195302,0,ATG9Cargo,25-Registered,preRapalog_TPDwt_DAGLB/
748,756.80,109.64,647.16,246587,1,ATG9Cargo,25-Registered,preRapalog_TPDwt_DAGLB/
749,470.46,110.04,360.42,300824,0,FKBPTagPOI,27-Registered,preRapalog_TPDwt_DAGLB/
750,288.60,110.04,178.56,346314,1,FKBPTagPOI,27-Registered,preRapalog_TPDwt_DAGLB/
751,252.15,109.00,143.15,300824,0,ATG9Cargo,27-Registered,preRapalog_TPDwt_DAGLB/
752,203.58,109.00,94.58,346314,1,ATG9Cargo,27-Registered,preRapalog_TPDwt_DAGLB/
