Mean,BG,Mean-BG,Area,Slice,Channel,Filename,Condition
765.689,105.992,659.697,84173,0,FKBPTagPOI,01-Registered,postRapalog_ATG9_PI4K3b/
258.095,105.992,152.103,149966,1,FKBPTagPOI,01-Registered,postRapalog_ATG9_PI4K3b/
992.892,107.865,885.027,84173,0,ATG9Cargo,01-Registered,postRapalog_ATG9_PI4K3b/
744.352,107.865,636.487,149966,1,ATG9Cargo,01-Registered,postRapalog_ATG9_PI4K3b/
146.118,105.271,40.847,324221,0,FKBPTagPOI,02-Registered,postRapalog_ATG9_PI4K3b/
120.194,105.271,14.923,376466,1,FKBPTagPOI,02-Registered,postRapalog_ATG9_PI4K3b/
246.441,108.228,138.212,324221,0,ATG9Cargo,02-Registered,postRapalog_ATG9_PI4K3b/
206.439,108.228,98.211,376466,1,ATG9Cargo,02-Registered,postRapalog_ATG9_PI4K3b/
784.656,105.592,679.064,62545,0,FKBPTagPOI,03-Registered,postRapalog_ATG9_PI4K3b/
196.281,105.592,90.689,115461,1,FKBPTagPOI,03-Registered,postRapalog_ATG9_PI4K3b/
1081.945,107.127,974.818,62545,0,ATG9Cargo,03-Registered,postRapalog_ATG9_PI4K3b/
801.982,107.127,694.855,115461,1,ATG9Cargo,03-Registered,postRapalog_ATG9_PI4K3b/
535.532,106.128,429.405,116875,0,FKBPTagPOI,04-Registered,postRapalog_ATG9_PI4K3b/
187.563,106.128,81.435,168661,1,FKBPTagPOI,04-Registered,postRapalog_ATG9_PI4K3b/
537.135,107.199,429.936,116875,0,ATG9Cargo,04-Registered,postRapalog_ATG9_PI4K3b/
454.117,107.199,346.918,168661,1,ATG9Cargo,04-Registered,postRapalog_ATG9_PI4K3b/
385.042,105.890,279.152,193543,0,FKBPTagPOI,05-Registered,postRapalog_ATG9_PI4K3b/
133.734,105.890,27.844,238240,1,FKBPTagPOI,05-Registered,postRapalog_ATG9_PI4K3b/
642.126,107.672,534.454,193543,0,ATG9Cargo,05-Registered,postRapalog_ATG9_PI4K3b/
216.149,107.672,108.478,238240,1,ATG9Cargo,05-Registered,postRapalog_ATG9_PI4K3b/
508.617,105.448,403.169,73600,0,FKBPTagPOI,06-Registered,postRapalog_ATG9_PI4K3b/
173.969,105.448,68.521,88925,1,FKBPTagPOI,06-Registered,postRapalog_ATG9_PI4K3b/
2806.178,107.165,2699.013,73600,0,ATG9Cargo,06-Registered,postRapalog_ATG9_PI4K3b/
2124.903,107.165,2017.738,88925,1,ATG9Cargo,06-Registered,postRapalog_ATG9_PI4K3b/
1348.614,105.284,1243.330,36688,0,FKBPTagPOI,07-Registered,postRapalog_ATG9_PI4K3b/
335.150,105.284,229.866,56393,1,FKBPTagPOI,07-Registered,postRapalog_ATG9_PI4K3b/
2505.579,106.866,2398.713,36688,0,ATG9Cargo,07-Registered,postRapalog_ATG9_PI4K3b/
1964.654,106.866,1857.788,56393,1,ATG9Cargo,07-Registered,postRapalog_ATG9_PI4K3b/
515.317,105.316,410.001,127814,0,FKBPTagPOI,08-Registered,postRapalog_ATG9_PI4K3b/
157.636,105.316,52.320,164037,1,FKBPTagPOI,08-Registered,postRapalog_ATG9_PI4K3b/
1451.160,108.624,1342.536,127814,0,ATG9Cargo,08-Registered,postRapalog_ATG9_PI4K3b/
888.940,108.624,780.316,164037,1,ATG9Cargo,08-Registered,postRapalog_ATG9_PI4K3b/
361.696,105.867,255.829,180642,0,FKBPTagPOI,09-Registered,postRapalog_ATG9_PI4K3b/
147.671,105.867,41.804,181451,1,FKBPTagPOI,09-Registered,postRapalog_ATG9_PI4K3b/
505.583,108.406,397.177,180642,0,ATG9Cargo,09-Registered,postRapalog_ATG9_PI4K3b/
394.443,108.406,286.037,181451,1,ATG9Cargo,09-Registered,postRapalog_ATG9_PI4K3b/
665.320,105.666,559.653,96924,0,FKBPTagPOI,10-Registered,postRapalog_ATG9_PI4K3b/
229.590,105.666,123.924,148500,1,FKBPTagPOI,10-Registered,postRapalog_ATG9_PI4K3b/
1112.753,107.755,1004.998,96924,0,ATG9Cargo,10-Registered,postRapalog_ATG9_PI4K3b/
692.636,107.755,584.882,148500,1,ATG9Cargo,10-Registered,postRapalog_ATG9_PI4K3b/
373.502,105.920,267.583,95567,0,FKBPTagPOI,11-Registered,postRapalog_ATG9_PI4K3b/
148.168,105.920,42.249,175011,1,FKBPTagPOI,11-Registered,postRapalog_ATG9_PI4K3b/
846.791,109.715,737.076,95567,0,ATG9Cargo,11-Registered,postRapalog_ATG9_PI4K3b/
599.396,109.715,489.682,175011,1,ATG9Cargo,11-Registered,postRapalog_ATG9_PI4K3b/
460.239,106.285,353.954,114049,0,FKBPTagPOI,12-Registered,postRapalog_ATG9_PI4K3b/
153.467,106.285,47.182,261044,1,FKBPTagPOI,12-Registered,postRapalog_ATG9_PI4K3b/
450.741,108.314,342.428,114049,0,ATG9Cargo,12-Registered,postRapalog_ATG9_PI4K3b/
270.989,108.314,162.675,261044,1,ATG9Cargo,12-Registered,postRapalog_ATG9_PI4K3b/
1131.229,105.845,1025.384,59499,0,FKBPTagPOI,13-Registered,postRapalog_ATG9_PI4K3b/
218.625,105.845,112.780,91706,1,FKBPTagPOI,13-Registered,postRapalog_ATG9_PI4K3b/
2455.967,108.925,2347.041,59499,0,ATG9Cargo,13-Registered,postRapalog_ATG9_PI4K3b/
1119.021,108.925,1010.095,91706,1,ATG9Cargo,13-Registered,postRapalog_ATG9_PI4K3b/
714.107,106.554,607.553,104155,0,FKBPTagPOI,14-Registered,postRapalog_ATG9_PI4K3b/
200.974,106.554,94.420,123031,1,FKBPTagPOI,14-Registered,postRapalog_ATG9_PI4K3b/
1570.143,109.710,1460.433,104155,0,ATG9Cargo,14-Registered,postRapalog_ATG9_PI4K3b/
420.305,109.710,310.595,123031,1,ATG9Cargo,14-Registered,postRapalog_ATG9_PI4K3b/
418.615,105.695,312.920,93307,0,FKBPTagPOI,15-Registered,postRapalog_ATG9_PI4K3b/
177.021,105.695,71.327,166497,1,FKBPTagPOI,15-Registered,postRapalog_ATG9_PI4K3b/
1381.291,110.292,1271.000,93307,0,ATG9Cargo,15-Registered,postRapalog_ATG9_PI4K3b/
840.427,110.292,730.135,166497,1,ATG9Cargo,15-Registered,postRapalog_ATG9_PI4K3b/
615.165,107.303,507.861,211542,0,FKBPTagPOI,16-Registered,postRapalog_ATG9_PI4K3b/
163.305,107.303,56.002,184736,1,FKBPTagPOI,16-Registered,postRapalog_ATG9_PI4K3b/
1211.356,112.204,1099.152,211542,0,ATG9Cargo,16-Registered,postRapalog_ATG9_PI4K3b/
733.500,112.204,621.296,184736,1,ATG9Cargo,16-Registered,postRapalog_ATG9_PI4K3b/
367.368,105.562,261.806,68073,0,FKBPTagPOI,17-Registered,postRapalog_ATG9_PI4K3b/
136.848,105.562,31.286,125284,1,FKBPTagPOI,17-Registered,postRapalog_ATG9_PI4K3b/
351.899,108.170,243.729,68073,0,ATG9Cargo,17-Registered,postRapalog_ATG9_PI4K3b/
231.305,108.170,123.136,125284,1,ATG9Cargo,17-Registered,postRapalog_ATG9_PI4K3b/
192.189,106.928,85.261,260575,0,FKBPTagPOI,01-Registered,postRapalog_EmptyV_PI4K3b/
139.367,106.928,32.439,326364,1,FKBPTagPOI,01-Registered,postRapalog_EmptyV_PI4K3b/
762.778,115.470,647.308,260575,0,ATG9Cargo,01-Registered,postRapalog_EmptyV_PI4K3b/
486.889,115.470,371.420,326364,1,ATG9Cargo,01-Registered,postRapalog_EmptyV_PI4K3b/
338.066,106.133,231.933,268769,0,FKBPTagPOI,02-Registered,postRapalog_EmptyV_PI4K3b/
168.284,106.133,62.151,339233,1,FKBPTagPOI,02-Registered,postRapalog_EmptyV_PI4K3b/
1055.962,110.860,945.102,268769,0,ATG9Cargo,02-Registered,postRapalog_EmptyV_PI4K3b/
667.955,110.860,557.096,339233,1,ATG9Cargo,02-Registered,postRapalog_EmptyV_PI4K3b/
381.511,107.561,273.950,159361,0,FKBPTagPOI,03-Registered,postRapalog_EmptyV_PI4K3b/
194.654,107.561,87.094,148594,1,FKBPTagPOI,03-Registered,postRapalog_EmptyV_PI4K3b/
1039.425,116.362,923.063,159361,0,ATG9Cargo,03-Registered,postRapalog_EmptyV_PI4K3b/
584.182,116.362,467.820,148594,1,ATG9Cargo,03-Registered,postRapalog_EmptyV_PI4K3b/
594.369,106.842,487.527,181551,0,FKBPTagPOI,04-Registered,postRapalog_EmptyV_PI4K3b/
222.164,106.842,115.322,240142,1,FKBPTagPOI,04-Registered,postRapalog_EmptyV_PI4K3b/
1603.847,112.428,1491.419,181551,0,ATG9Cargo,04-Registered,postRapalog_EmptyV_PI4K3b/
938.097,112.428,825.669,240142,1,ATG9Cargo,04-Registered,postRapalog_EmptyV_PI4K3b/
293.083,106.007,187.076,130407,0,FKBPTagPOI,05-Registered,postRapalog_EmptyV_PI4K3b/
150.947,106.007,44.940,158970,1,FKBPTagPOI,05-Registered,postRapalog_EmptyV_PI4K3b/
2111.969,111.991,1999.978,130407,0,ATG9Cargo,05-Registered,postRapalog_EmptyV_PI4K3b/
1228.768,111.991,1116.777,158970,1,ATG9Cargo,05-Registered,postRapalog_EmptyV_PI4K3b/
506.726,105.696,401.030,51705,0,FKBPTagPOI,06-Registered,postRapalog_EmptyV_PI4K3b/
182.296,105.696,76.600,150559,1,FKBPTagPOI,06-Registered,postRapalog_EmptyV_PI4K3b/
1404.527,110.096,1294.431,51705,0,ATG9Cargo,06-Registered,postRapalog_EmptyV_PI4K3b/
965.610,110.096,855.514,150559,1,ATG9Cargo,06-Registered,postRapalog_EmptyV_PI4K3b/
307.716,105.486,202.230,152208,0,FKBPTagPOI,07-Registered,postRapalog_EmptyV_PI4K3b/
156.177,105.486,50.692,203163,1,FKBPTagPOI,07-Registered,postRapalog_EmptyV_PI4K3b/
711.580,108.644,602.936,152208,0,ATG9Cargo,07-Registered,postRapalog_EmptyV_PI4K3b/
433.039,108.644,324.395,203163,1,ATG9Cargo,07-Registered,postRapalog_EmptyV_PI4K3b/
241.828,104.888,136.940,69204,0,FKBPTagPOI,08-Registered,postRapalog_EmptyV_PI4K3b/
129.686,104.888,24.798,104879,1,FKBPTagPOI,08-Registered,postRapalog_EmptyV_PI4K3b/
1463.666,109.003,1354.663,69204,0,ATG9Cargo,08-Registered,postRapalog_EmptyV_PI4K3b/
1088.542,109.003,979.539,104879,1,ATG9Cargo,08-Registered,postRapalog_EmptyV_PI4K3b/
797.417,105.056,692.362,124188,0,FKBPTagPOI,09-Registered,postRapalog_EmptyV_PI4K3b/
294.830,105.056,189.774,157909,1,FKBPTagPOI,09-Registered,postRapalog_EmptyV_PI4K3b/
415.553,107.590,307.963,124188,0,ATG9Cargo,09-Registered,postRapalog_EmptyV_PI4K3b/
440.227,107.590,332.637,157909,1,ATG9Cargo,09-Registered,postRapalog_EmptyV_PI4K3b/
302.411,105.472,196.939,268084,0,FKBPTagPOI,10-Registered,postRapalog_EmptyV_PI4K3b/
145.325,105.472,39.853,367831,1,FKBPTagPOI,10-Registered,postRapalog_EmptyV_PI4K3b/
1148.185,109.577,1038.608,268084,0,ATG9Cargo,10-Registered,postRapalog_EmptyV_PI4K3b/
562.173,109.577,452.596,367831,1,ATG9Cargo,10-Registered,postRapalog_EmptyV_PI4K3b/
431.527,105.563,325.964,187336,0,FKBPTagPOI,11-Registered,postRapalog_EmptyV_PI4K3b/
238.966,105.563,133.403,291787,1,FKBPTagPOI,11-Registered,postRapalog_EmptyV_PI4K3b/
1076.348,109.818,966.529,187336,0,ATG9Cargo,11-Registered,postRapalog_EmptyV_PI4K3b/
541.250,109.818,431.432,291787,1,ATG9Cargo,11-Registered,postRapalog_EmptyV_PI4K3b/
232.841,105.044,127.797,189898,0,FKBPTagPOI,12-Registered,postRapalog_EmptyV_PI4K3b/
131.421,105.044,26.377,227929,1,FKBPTagPOI,12-Registered,postRapalog_EmptyV_PI4K3b/
985.453,107.561,877.892,189898,0,ATG9Cargo,12-Registered,postRapalog_EmptyV_PI4K3b/
570.924,107.561,463.363,227929,1,ATG9Cargo,12-Registered,postRapalog_EmptyV_PI4K3b/
482.188,105.636,376.552,130021,0,FKBPTagPOI,13-Registered,postRapalog_EmptyV_PI4K3b/
183.012,105.636,77.376,217436,1,FKBPTagPOI,13-Registered,postRapalog_EmptyV_PI4K3b/
846.059,109.213,736.845,130021,0,ATG9Cargo,13-Registered,postRapalog_EmptyV_PI4K3b/
423.267,109.213,314.053,217436,1,ATG9Cargo,13-Registered,postRapalog_EmptyV_PI4K3b/
196.814,106.130,90.684,179790,0,FKBPTagPOI,14-Registered,postRapalog_EmptyV_PI4K3b/
155.978,106.130,49.848,213844,1,FKBPTagPOI,14-Registered,postRapalog_EmptyV_PI4K3b/
1512.695,115.164,1397.531,179790,0,ATG9Cargo,14-Registered,postRapalog_EmptyV_PI4K3b/
888.303,115.164,773.139,213844,1,ATG9Cargo,14-Registered,postRapalog_EmptyV_PI4K3b/
220.604,107.730,112.874,285108,0,FKBPTagPOI,15-Registered,postRapalog_EmptyV_PI4K3b/
168.355,107.730,60.625,306623,1,FKBPTagPOI,15-Registered,postRapalog_EmptyV_PI4K3b/
707.171,115.441,591.730,285108,0,ATG9Cargo,15-Registered,postRapalog_EmptyV_PI4K3b/
579.684,115.441,464.243,306623,1,ATG9Cargo,15-Registered,postRapalog_EmptyV_PI4K3b/
817.830,107.182,710.648,203314,0,FKBPTagPOI,16-Registered,postRapalog_EmptyV_PI4K3b/
345.252,107.182,238.070,230877,1,FKBPTagPOI,16-Registered,postRapalog_EmptyV_PI4K3b/
2736.808,117.269,2619.539,203314,0,ATG9Cargo,16-Registered,postRapalog_EmptyV_PI4K3b/
1554.823,117.269,1437.554,230877,1,ATG9Cargo,16-Registered,postRapalog_EmptyV_PI4K3b/
226.574,107.139,119.434,237062,0,FKBPTagPOI,17-Registered,postRapalog_EmptyV_PI4K3b/
144.877,107.139,37.738,317817,1,FKBPTagPOI,17-Registered,postRapalog_EmptyV_PI4K3b/
661.924,113.816,548.108,237062,0,ATG9Cargo,17-Registered,postRapalog_EmptyV_PI4K3b/
425.233,113.816,311.417,317817,1,ATG9Cargo,17-Registered,postRapalog_EmptyV_PI4K3b/
233.974,106.937,127.037,279890,0,FKBPTagPOI,18-Registered,postRapalog_EmptyV_PI4K3b/
148.035,106.937,41.098,356701,1,FKBPTagPOI,18-Registered,postRapalog_EmptyV_PI4K3b/
1681.700,123.250,1558.449,279890,0,ATG9Cargo,18-Registered,postRapalog_EmptyV_PI4K3b/
960.686,123.250,837.436,356701,1,ATG9Cargo,18-Registered,postRapalog_EmptyV_PI4K3b/
251.759,105.149,146.610,205818,0,FKBPTagPOI,19-Registered,postRapalog_EmptyV_PI4K3b/
144.860,105.149,39.711,292333,1,FKBPTagPOI,19-Registered,postRapalog_EmptyV_PI4K3b/
712.277,109.033,603.244,205818,0,ATG9Cargo,19-Registered,postRapalog_EmptyV_PI4K3b/
526.578,109.033,417.545,292333,1,ATG9Cargo,19-Registered,postRapalog_EmptyV_PI4K3b/
466.794,107.930,358.864,283331,0,FKBPTagPOI,01-Registered,postRapalog_TPDmut_PI4K3b/
261.655,107.930,153.725,334572,1,FKBPTagPOI,01-Registered,postRapalog_TPDmut_PI4K3b/
337.023,111.013,226.010,283331,0,ATG9Cargo,01-Registered,postRapalog_TPDmut_PI4K3b/
261.774,111.013,150.760,334572,1,ATG9Cargo,01-Registered,postRapalog_TPDmut_PI4K3b/
1056.863,108.190,948.673,238532,0,FKBPTagPOI,02-Registered,postRapalog_TPDmut_PI4K3b/
394.666,108.190,286.476,296004,1,FKBPTagPOI,02-Registered,postRapalog_TPDmut_PI4K3b/
450.102,112.996,337.106,238532,0,ATG9Cargo,02-Registered,postRapalog_TPDmut_PI4K3b/
294.009,112.996,181.013,296004,1,ATG9Cargo,02-Registered,postRapalog_TPDmut_PI4K3b/
415.564,109.037,306.527,283208,0,FKBPTagPOI,03-Registered,postRapalog_TPDmut_PI4K3b/
178.810,109.037,69.773,431891,1,FKBPTagPOI,03-Registered,postRapalog_TPDmut_PI4K3b/
397.859,113.366,284.492,283208,0,ATG9Cargo,03-Registered,postRapalog_TPDmut_PI4K3b/
298.308,113.366,184.942,431891,1,ATG9Cargo,03-Registered,postRapalog_TPDmut_PI4K3b/
907.689,107.246,800.442,278861,0,FKBPTagPOI,04-Registered,postRapalog_TPDmut_PI4K3b/
279.766,107.246,172.519,315634,1,FKBPTagPOI,04-Registered,postRapalog_TPDmut_PI4K3b/
613.605,112.109,501.496,278861,0,ATG9Cargo,04-Registered,postRapalog_TPDmut_PI4K3b/
414.488,112.109,302.379,315634,1,ATG9Cargo,04-Registered,postRapalog_TPDmut_PI4K3b/
746.055,109.022,637.032,270341,0,FKBPTagPOI,05-Registered,postRapalog_TPDmut_PI4K3b/
269.963,109.022,160.941,351858,1,FKBPTagPOI,05-Registered,postRapalog_TPDmut_PI4K3b/
685.844,115.013,570.831,270341,0,ATG9Cargo,05-Registered,postRapalog_TPDmut_PI4K3b/
502.831,115.013,387.817,351858,1,ATG9Cargo,05-Registered,postRapalog_TPDmut_PI4K3b/
384.025,105.541,278.485,239856,0,FKBPTagPOI,06-Registered,postRapalog_TPDmut_PI4K3b/
173.194,105.541,67.653,329555,1,FKBPTagPOI,06-Registered,postRapalog_TPDmut_PI4K3b/
275.867,110.632,165.235,239856,0,ATG9Cargo,06-Registered,postRapalog_TPDmut_PI4K3b/
199.238,110.632,88.606,329555,1,ATG9Cargo,06-Registered,postRapalog_TPDmut_PI4K3b/
573.973,106.171,467.802,212731,0,FKBPTagPOI,07-Registered,postRapalog_TPDmut_PI4K3b/
232.233,106.171,126.062,330687,1,FKBPTagPOI,07-Registered,postRapalog_TPDmut_PI4K3b/
376.552,111.385,265.167,212731,0,ATG9Cargo,07-Registered,postRapalog_TPDmut_PI4K3b/
285.359,111.385,173.974,330687,1,ATG9Cargo,07-Registered,postRapalog_TPDmut_PI4K3b/
299.502,108.372,191.130,319608,0,FKBPTagPOI,08-Registered,postRapalog_TPDmut_PI4K3b/
164.057,108.372,55.685,380511,1,FKBPTagPOI,08-Registered,postRapalog_TPDmut_PI4K3b/
258.108,112.217,145.892,319608,0,ATG9Cargo,08-Registered,postRapalog_TPDmut_PI4K3b/
182.010,112.217,69.793,380511,1,ATG9Cargo,08-Registered,postRapalog_TPDmut_PI4K3b/
423.457,106.077,317.380,337779,0,FKBPTagPOI,09-Registered,postRapalog_TPDmut_PI4K3b/
208.219,106.077,102.143,314151,1,FKBPTagPOI,09-Registered,postRapalog_TPDmut_PI4K3b/
414.503,108.492,306.011,337779,0,ATG9Cargo,09-Registered,postRapalog_TPDmut_PI4K3b/
299.634,108.492,191.142,314151,1,ATG9Cargo,09-Registered,postRapalog_TPDmut_PI4K3b/
927.307,107.119,820.188,163295,0,FKBPTagPOI,10-Registered,postRapalog_TPDmut_PI4K3b/
254.987,107.119,147.868,240336,1,FKBPTagPOI,10-Registered,postRapalog_TPDmut_PI4K3b/
568.366,111.791,456.575,163295,0,ATG9Cargo,10-Registered,postRapalog_TPDmut_PI4K3b/
375.550,111.791,263.759,240336,1,ATG9Cargo,10-Registered,postRapalog_TPDmut_PI4K3b/
358.462,107.100,251.362,225815,0,FKBPTagPOI,11-Registered,postRapalog_TPDmut_PI4K3b/
165.619,107.100,58.519,317147,1,FKBPTagPOI,11-Registered,postRapalog_TPDmut_PI4K3b/
336.894,110.301,226.593,225815,0,ATG9Cargo,11-Registered,postRapalog_TPDmut_PI4K3b/
224.124,110.301,113.823,317147,1,ATG9Cargo,11-Registered,postRapalog_TPDmut_PI4K3b/
364.948,106.884,258.064,171829,0,FKBPTagPOI,12-Registered,postRapalog_TPDmut_PI4K3b/
168.833,106.884,61.949,263200,1,FKBPTagPOI,12-Registered,postRapalog_TPDmut_PI4K3b/
397.022,110.410,286.612,171829,0,ATG9Cargo,12-Registered,postRapalog_TPDmut_PI4K3b/
240.446,110.410,130.036,263200,1,ATG9Cargo,12-Registered,postRapalog_TPDmut_PI4K3b/
641.614,106.312,535.302,204304,0,FKBPTagPOI,13-Registered,postRapalog_TPDmut_PI4K3b/
209.619,106.312,103.307,220934,1,FKBPTagPOI,13-Registered,postRapalog_TPDmut_PI4K3b/
385.345,109.082,276.263,204304,0,ATG9Cargo,13-Registered,postRapalog_TPDmut_PI4K3b/
278.977,109.082,169.895,220934,1,ATG9Cargo,13-Registered,postRapalog_TPDmut_PI4K3b/
1261.014,110.609,1150.404,189097,0,FKBPTagPOI,14-Registered,postRapalog_TPDmut_PI4K3b/
420.959,110.609,310.350,252887,1,FKBPTagPOI,14-Registered,postRapalog_TPDmut_PI4K3b/
999.501,113.667,885.834,189097,0,ATG9Cargo,14-Registered,postRapalog_TPDmut_PI4K3b/
608.463,113.667,494.796,252887,1,ATG9Cargo,14-Registered,postRapalog_TPDmut_PI4K3b/
383.482,106.600,276.882,209889,0,FKBPTagPOI,15-Registered,postRapalog_TPDmut_PI4K3b/
174.133,106.600,67.533,270881,1,FKBPTagPOI,15-Registered,postRapalog_TPDmut_PI4K3b/
483.666,110.863,372.803,209889,0,ATG9Cargo,15-Registered,postRapalog_TPDmut_PI4K3b/
316.683,110.863,205.820,270881,1,ATG9Cargo,15-Registered,postRapalog_TPDmut_PI4K3b/
314.918,107.720,207.198,192779,0,FKBPTagPOI,16-Registered,postRapalog_TPDmut_PI4K3b/
167.745,107.720,60.024,257054,1,FKBPTagPOI,16-Registered,postRapalog_TPDmut_PI4K3b/
230.470,110.918,119.552,192779,0,ATG9Cargo,16-Registered,postRapalog_TPDmut_PI4K3b/
184.435,110.918,73.518,257054,1,ATG9Cargo,16-Registered,postRapalog_TPDmut_PI4K3b/
294.062,108.228,185.833,255826,0,FKBPTagPOI,17-Registered,postRapalog_TPDmut_PI4K3b/
174.501,108.228,66.272,274714,1,FKBPTagPOI,17-Registered,postRapalog_TPDmut_PI4K3b/
326.216,111.416,214.800,255826,0,ATG9Cargo,17-Registered,postRapalog_TPDmut_PI4K3b/
264.733,111.416,153.317,274714,1,ATG9Cargo,17-Registered,postRapalog_TPDmut_PI4K3b/
566.483,107.412,459.071,255747,0,FKBPTagPOI,18-Registered,postRapalog_TPDmut_PI4K3b/
247.093,107.412,139.681,306277,1,FKBPTagPOI,18-Registered,postRapalog_TPDmut_PI4K3b/
671.293,111.876,559.417,255747,0,ATG9Cargo,18-Registered,postRapalog_TPDmut_PI4K3b/
413.582,111.876,301.706,306277,1,ATG9Cargo,18-Registered,postRapalog_TPDmut_PI4K3b/
557.124,105.398,451.726,157806,0,FKBPTagPOI,19-Registered,postRapalog_TPDmut_PI4K3b/
255.963,105.398,150.565,184998,1,FKBPTagPOI,19-Registered,postRapalog_TPDmut_PI4K3b/
384.921,109.258,275.663,157806,0,ATG9Cargo,19-Registered,postRapalog_TPDmut_PI4K3b/
337.964,109.258,228.707,184998,1,ATG9Cargo,19-Registered,postRapalog_TPDmut_PI4K3b/
800.070,106.154,693.915,298298,0,FKBPTagPOI,20-Registered,postRapalog_TPDmut_PI4K3b/
416.837,106.154,310.683,388756,1,FKBPTagPOI,20-Registered,postRapalog_TPDmut_PI4K3b/
458.499,112.380,346.119,298298,0,ATG9Cargo,20-Registered,postRapalog_TPDmut_PI4K3b/
309.768,112.380,197.388,388756,1,ATG9Cargo,20-Registered,postRapalog_TPDmut_PI4K3b/
349.234,105.861,243.373,370631,0,FKBPTagPOI,21-Registered,postRapalog_TPDmut_PI4K3b/
175.907,105.861,70.046,364783,1,FKBPTagPOI,21-Registered,postRapalog_TPDmut_PI4K3b/
303.867,110.062,193.806,370631,0,ATG9Cargo,21-Registered,postRapalog_TPDmut_PI4K3b/
237.415,110.062,127.354,364783,1,ATG9Cargo,21-Registered,postRapalog_TPDmut_PI4K3b/
786.596,109.569,677.027,227536,0,FKBPTagPOI,01-Registered,postRapalog_TPDwt_PI4K3b/
213.501,109.569,103.931,427689,1,FKBPTagPOI,01-Registered,postRapalog_TPDwt_PI4K3b/
286.719,110.521,176.197,227536,0,ATG9Cargo,01-Registered,postRapalog_TPDwt_PI4K3b/
230.668,110.521,120.147,427689,1,ATG9Cargo,01-Registered,postRapalog_TPDwt_PI4K3b/
1392.732,109.249,1283.483,292057,0,FKBPTagPOI,02-Registered,postRapalog_TPDwt_PI4K3b/
391.999,109.249,282.750,394867,1,FKBPTagPOI,02-Registered,postRapalog_TPDwt_PI4K3b/
301.231,109.444,191.787,292057,0,ATG9Cargo,02-Registered,postRapalog_TPDwt_PI4K3b/
236.672,109.444,127.227,394867,1,ATG9Cargo,02-Registered,postRapalog_TPDwt_PI4K3b/
3219.588,109.244,3110.344,116777,0,FKBPTagPOI,03-Registered,postRapalog_TPDwt_PI4K3b/
711.490,109.244,602.245,188937,1,FKBPTagPOI,03-Registered,postRapalog_TPDwt_PI4K3b/
829.282,109.051,720.232,116777,0,ATG9Cargo,03-Registered,postRapalog_TPDwt_PI4K3b/
606.119,109.051,497.068,188937,1,ATG9Cargo,03-Registered,postRapalog_TPDwt_PI4K3b/
867.035,107.180,759.855,277959,0,FKBPTagPOI,04-Registered,postRapalog_TPDwt_PI4K3b/
300.534,107.180,193.354,328778,1,FKBPTagPOI,04-Registered,postRapalog_TPDwt_PI4K3b/
290.802,107.455,183.347,277959,0,ATG9Cargo,04-Registered,postRapalog_TPDwt_PI4K3b/
225.582,107.455,118.127,328778,1,ATG9Cargo,04-Registered,postRapalog_TPDwt_PI4K3b/
1922.808,108.695,1814.113,268361,0,FKBPTagPOI,05-Registered,postRapalog_TPDwt_PI4K3b/
412.221,108.695,303.526,429744,1,FKBPTagPOI,05-Registered,postRapalog_TPDwt_PI4K3b/
287.969,111.378,176.590,268361,0,ATG9Cargo,05-Registered,postRapalog_TPDwt_PI4K3b/
242.598,111.378,131.220,429744,1,ATG9Cargo,05-Registered,postRapalog_TPDwt_PI4K3b/
1939.463,108.525,1830.938,147087,0,FKBPTagPOI,06-Registered,postRapalog_TPDwt_PI4K3b/
425.151,108.525,316.626,268034,1,FKBPTagPOI,06-Registered,postRapalog_TPDwt_PI4K3b/
297.898,111.432,186.466,147087,0,ATG9Cargo,06-Registered,postRapalog_TPDwt_PI4K3b/
231.102,111.432,119.671,268034,1,ATG9Cargo,06-Registered,postRapalog_TPDwt_PI4K3b/
794.111,115.818,678.293,334399,0,FKBPTagPOI,07-Registered,postRapalog_TPDwt_PI4K3b/
245.208,115.818,129.390,514665,1,FKBPTagPOI,07-Registered,postRapalog_TPDwt_PI4K3b/
219.055,108.719,110.337,334399,0,ATG9Cargo,07-Registered,postRapalog_TPDwt_PI4K3b/
180.833,108.719,72.114,514665,1,ATG9Cargo,07-Registered,postRapalog_TPDwt_PI4K3b/
1749.934,107.841,1642.093,185891,0,FKBPTagPOI,08-Registered,postRapalog_TPDwt_PI4K3b/
379.202,107.841,271.361,330674,1,FKBPTagPOI,08-Registered,postRapalog_TPDwt_PI4K3b/
373.309,109.639,263.669,185891,0,ATG9Cargo,08-Registered,postRapalog_TPDwt_PI4K3b/
271.305,109.639,161.666,330674,1,ATG9Cargo,08-Registered,postRapalog_TPDwt_PI4K3b/
2319.902,107.020,2212.882,180645,0,FKBPTagPOI,09-Registered,postRapalog_TPDwt_PI4K3b/
530.774,107.020,423.754,271264,1,FKBPTagPOI,09-Registered,postRapalog_TPDwt_PI4K3b/
828.725,108.103,720.621,180645,0,ATG9Cargo,09-Registered,postRapalog_TPDwt_PI4K3b/
556.050,108.103,447.946,271264,1,ATG9Cargo,09-Registered,postRapalog_TPDwt_PI4K3b/
339.424,108.050,231.374,230446,0,FKBPTagPOI,10-Registered,postRapalog_TPDwt_PI4K3b/
152.264,108.050,44.213,405117,1,FKBPTagPOI,10-Registered,postRapalog_TPDwt_PI4K3b/
193.559,109.971,83.588,230446,0,ATG9Cargo,10-Registered,postRapalog_TPDwt_PI4K3b/
146.319,109.971,36.348,405117,1,ATG9Cargo,10-Registered,postRapalog_TPDwt_PI4K3b/
755.240,106.738,648.502,149223,0,FKBPTagPOI,11-Registered,postRapalog_TPDwt_PI4K3b/
184.329,106.738,77.591,258510,1,FKBPTagPOI,11-Registered,postRapalog_TPDwt_PI4K3b/
242.291,109.742,132.550,149223,0,ATG9Cargo,11-Registered,postRapalog_TPDwt_PI4K3b/
184.637,109.742,74.895,258510,1,ATG9Cargo,11-Registered,postRapalog_TPDwt_PI4K3b/
1059.732,110.767,948.965,298167,0,FKBPTagPOI,12-Registered,postRapalog_TPDwt_PI4K3b/
273.557,110.767,162.790,421170,1,FKBPTagPOI,12-Registered,postRapalog_TPDwt_PI4K3b/
257.048,111.612,145.436,298167,0,ATG9Cargo,12-Registered,postRapalog_TPDwt_PI4K3b/
195.153,111.612,83.540,421170,1,ATG9Cargo,12-Registered,postRapalog_TPDwt_PI4K3b/
2152.505,111.609,2040.896,168447,0,FKBPTagPOI,13-Registered,postRapalog_TPDwt_PI4K3b/
428.958,111.609,317.350,283893,1,FKBPTagPOI,13-Registered,postRapalog_TPDwt_PI4K3b/
361.857,111.197,250.661,168447,0,ATG9Cargo,13-Registered,postRapalog_TPDwt_PI4K3b/
241.790,111.197,130.593,283893,1,ATG9Cargo,13-Registered,postRapalog_TPDwt_PI4K3b/
2003.526,106.861,1896.665,133575,0,FKBPTagPOI,14-Registered,postRapalog_TPDwt_PI4K3b/
428.688,106.861,321.827,184856,1,FKBPTagPOI,14-Registered,postRapalog_TPDwt_PI4K3b/
421.943,108.279,313.665,133575,0,ATG9Cargo,14-Registered,postRapalog_TPDwt_PI4K3b/
349.358,108.279,241.079,184856,1,ATG9Cargo,14-Registered,postRapalog_TPDwt_PI4K3b/
2125.015,107.422,2017.594,107948,0,FKBPTagPOI,15-Registered,postRapalog_TPDwt_PI4K3b/
462.847,107.422,355.425,258548,1,FKBPTagPOI,15-Registered,postRapalog_TPDwt_PI4K3b/
899.307,109.119,790.188,107948,0,ATG9Cargo,15-Registered,postRapalog_TPDwt_PI4K3b/
670.666,109.119,561.547,258548,1,ATG9Cargo,15-Registered,postRapalog_TPDwt_PI4K3b/
838.366,107.906,730.460,254509,0,FKBPTagPOI,16-Registered,postRapalog_TPDwt_PI4K3b/
249.912,107.906,142.006,281413,1,FKBPTagPOI,16-Registered,postRapalog_TPDwt_PI4K3b/
215.872,108.891,106.981,254509,0,ATG9Cargo,16-Registered,postRapalog_TPDwt_PI4K3b/
165.661,108.891,56.770,281413,1,ATG9Cargo,16-Registered,postRapalog_TPDwt_PI4K3b/
3067.213,108.479,2958.734,153019,0,FKBPTagPOI,17-Registered,postRapalog_TPDwt_PI4K3b/
701.880,108.479,593.401,262816,1,FKBPTagPOI,17-Registered,postRapalog_TPDwt_PI4K3b/
422.853,110.002,312.850,153019,0,ATG9Cargo,17-Registered,postRapalog_TPDwt_PI4K3b/
384.000,110.002,273.997,262816,1,ATG9Cargo,17-Registered,postRapalog_TPDwt_PI4K3b/
2607.763,106.780,2500.983,167228,0,FKBPTagPOI,18-Registered,postRapalog_TPDwt_PI4K3b/
647.228,106.780,540.448,305120,1,FKBPTagPOI,18-Registered,postRapalog_TPDwt_PI4K3b/
419.105,107.680,311.425,167228,0,ATG9Cargo,18-Registered,postRapalog_TPDwt_PI4K3b/
332.817,107.680,225.136,305120,1,ATG9Cargo,18-Registered,postRapalog_TPDwt_PI4K3b/
872.581,106.010,766.570,169049,0,FKBPTagPOI,19-Registered,postRapalog_TPDwt_PI4K3b/
243.801,106.010,137.790,281853,1,FKBPTagPOI,19-Registered,postRapalog_TPDwt_PI4K3b/
433.493,107.183,326.310,169049,0,ATG9Cargo,19-Registered,postRapalog_TPDwt_PI4K3b/
372.428,107.183,265.245,281853,1,ATG9Cargo,19-Registered,postRapalog_TPDwt_PI4K3b/
564.923,106.736,458.187,222661,0,FKBPTagPOI,20-Registered,postRapalog_TPDwt_PI4K3b/
217.161,106.736,110.424,309327,1,FKBPTagPOI,20-Registered,postRapalog_TPDwt_PI4K3b/
173.288,108.409,64.880,222661,0,ATG9Cargo,20-Registered,postRapalog_TPDwt_PI4K3b/
176.635,108.409,68.226,309327,1,ATG9Cargo,20-Registered,postRapalog_TPDwt_PI4K3b/
1004.026,107.873,896.153,188026,0,FKBPTagPOI,21-Registered,postRapalog_TPDwt_PI4K3b/
346.898,107.873,239.024,246621,1,FKBPTagPOI,21-Registered,postRapalog_TPDwt_PI4K3b/
474.960,111.066,363.895,188026,0,ATG9Cargo,21-Registered,postRapalog_TPDwt_PI4K3b/
311.557,111.066,200.491,246621,1,ATG9Cargo,21-Registered,postRapalog_TPDwt_PI4K3b/
2050.328,108.472,1941.856,216521,0,FKBPTagPOI,22-Registered,postRapalog_TPDwt_PI4K3b/
430.657,108.472,322.185,335846,1,FKBPTagPOI,22-Registered,postRapalog_TPDwt_PI4K3b/
396.046,108.355,287.691,216521,0,ATG9Cargo,22-Registered,postRapalog_TPDwt_PI4K3b/
295.189,108.355,186.834,335846,1,ATG9Cargo,22-Registered,postRapalog_TPDwt_PI4K3b/
1208.287,110.831,1097.456,265437,0,FKBPTagPOI,23-Registered,postRapalog_TPDwt_PI4K3b/
366.454,110.831,255.623,423972,1,FKBPTagPOI,23-Registered,postRapalog_TPDwt_PI4K3b/
463.491,111.460,352.031,265437,0,ATG9Cargo,23-Registered,postRapalog_TPDwt_PI4K3b/
366.590,111.460,255.130,423972,1,ATG9Cargo,23-Registered,postRapalog_TPDwt_PI4K3b/
460.423,105.423,355.001,120236,0,FKBPTagPOI,01-Registered,preRapalog_ATG9_PI4K3b/
329.098,105.423,223.675,165432,1,FKBPTagPOI,01-Registered,preRapalog_ATG9_PI4K3b/
1062.403,107.044,955.359,120236,0,ATG9Cargo,01-Registered,preRapalog_ATG9_PI4K3b/
755.074,107.044,648.030,165432,1,ATG9Cargo,01-Registered,preRapalog_ATG9_PI4K3b/
141.010,105.722,35.287,423826,0,FKBPTagPOI,02-Registered,preRapalog_ATG9_PI4K3b/
131.776,105.722,26.054,380865,1,FKBPTagPOI,02-Registered,preRapalog_ATG9_PI4K3b/
248.058,107.557,140.502,423826,0,ATG9Cargo,02-Registered,preRapalog_ATG9_PI4K3b/
217.013,107.557,109.457,380865,1,ATG9Cargo,02-Registered,preRapalog_ATG9_PI4K3b/
404.594,105.752,298.842,95971,0,FKBPTagPOI,03-Registered,preRapalog_ATG9_PI4K3b/
222.012,105.752,116.260,144540,1,FKBPTagPOI,03-Registered,preRapalog_ATG9_PI4K3b/
1021.081,108.176,912.905,95971,0,ATG9Cargo,03-Registered,preRapalog_ATG9_PI4K3b/
640.531,108.176,532.355,144540,1,ATG9Cargo,03-Registered,preRapalog_ATG9_PI4K3b/
369.057,106.507,262.550,155666,0,FKBPTagPOI,04-Registered,preRapalog_ATG9_PI4K3b/
249.296,106.507,142.788,182368,1,FKBPTagPOI,04-Registered,preRapalog_ATG9_PI4K3b/
591.441,107.490,483.951,155666,0,ATG9Cargo,04-Registered,preRapalog_ATG9_PI4K3b/
461.977,107.490,354.488,182368,1,ATG9Cargo,04-Registered,preRapalog_ATG9_PI4K3b/
349.069,105.697,243.372,108556,0,FKBPTagPOI,05-Registered,preRapalog_ATG9_PI4K3b/
258.547,105.697,152.850,196007,1,FKBPTagPOI,05-Registered,preRapalog_ATG9_PI4K3b/
557.730,107.301,450.429,108556,0,ATG9Cargo,05-Registered,preRapalog_ATG9_PI4K3b/
404.208,107.301,296.906,196007,1,ATG9Cargo,05-Registered,preRapalog_ATG9_PI4K3b/
303.948,105.997,197.951,59526,0,FKBPTagPOI,06-Registered,preRapalog_ATG9_PI4K3b/
255.911,105.997,149.915,97139,1,FKBPTagPOI,06-Registered,preRapalog_ATG9_PI4K3b/
2713.859,107.757,2606.102,59526,0,ATG9Cargo,06-Registered,preRapalog_ATG9_PI4K3b/
2134.761,107.757,2027.004,97139,1,ATG9Cargo,06-Registered,preRapalog_ATG9_PI4K3b/
746.697,105.158,641.539,30252,0,FKBPTagPOI,07-Registered,preRapalog_ATG9_PI4K3b/
641.280,105.158,536.122,55398,1,FKBPTagPOI,07-Registered,preRapalog_ATG9_PI4K3b/
2513.167,106.141,2407.026,30252,0,ATG9Cargo,07-Registered,preRapalog_ATG9_PI4K3b/
2141.791,106.141,2035.650,55398,1,ATG9Cargo,07-Registered,preRapalog_ATG9_PI4K3b/
345.229,105.950,239.279,142515,0,FKBPTagPOI,08-Registered,preRapalog_ATG9_PI4K3b/
207.600,105.950,101.650,161672,1,FKBPTagPOI,08-Registered,preRapalog_ATG9_PI4K3b/
1509.389,109.570,1399.819,142515,0,ATG9Cargo,08-Registered,preRapalog_ATG9_PI4K3b/
798.655,109.570,689.085,161672,1,ATG9Cargo,08-Registered,preRapalog_ATG9_PI4K3b/
251.211,106.161,145.050,169831,0,FKBPTagPOI,09-Registered,preRapalog_ATG9_PI4K3b/
204.779,106.161,98.619,157829,1,FKBPTagPOI,09-Registered,preRapalog_ATG9_PI4K3b/
497.205,108.296,388.910,169831,0,ATG9Cargo,09-Registered,preRapalog_ATG9_PI4K3b/
390.298,108.296,282.002,157829,1,ATG9Cargo,09-Registered,preRapalog_ATG9_PI4K3b/
445.261,105.571,339.690,89856,0,FKBPTagPOI,10-Registered,preRapalog_ATG9_PI4K3b/
329.345,105.571,223.774,145033,1,FKBPTagPOI,10-Registered,preRapalog_ATG9_PI4K3b/
1071.439,106.951,964.488,89856,0,ATG9Cargo,10-Registered,preRapalog_ATG9_PI4K3b/
736.527,106.951,629.577,145033,1,ATG9Cargo,10-Registered,preRapalog_ATG9_PI4K3b/
231.372,106.431,124.941,162777,0,FKBPTagPOI,11-Registered,preRapalog_ATG9_PI4K3b/
158.912,106.431,52.481,198421,1,FKBPTagPOI,11-Registered,preRapalog_ATG9_PI4K3b/
863.778,109.590,754.188,162777,0,ATG9Cargo,11-Registered,preRapalog_ATG9_PI4K3b/
465.790,109.590,356.201,198421,1,ATG9Cargo,11-Registered,preRapalog_ATG9_PI4K3b/
326.087,106.522,219.565,111418,0,FKBPTagPOI,12-Registered,preRapalog_ATG9_PI4K3b/
202.630,106.522,96.108,214305,1,FKBPTagPOI,12-Registered,preRapalog_ATG9_PI4K3b/
459.128,107.953,351.176,111418,0,ATG9Cargo,12-Registered,preRapalog_ATG9_PI4K3b/
317.316,107.953,209.363,214305,1,ATG9Cargo,12-Registered,preRapalog_ATG9_PI4K3b/
626.293,106.008,520.285,70406,0,FKBPTagPOI,13-Registered,preRapalog_ATG9_PI4K3b/
295.280,106.008,189.271,96404,1,FKBPTagPOI,13-Registered,preRapalog_ATG9_PI4K3b/
2431.083,109.507,2321.577,70406,0,ATG9Cargo,13-Registered,preRapalog_ATG9_PI4K3b/
1019.017,109.507,909.510,96404,1,ATG9Cargo,13-Registered,preRapalog_ATG9_PI4K3b/
462.327,106.398,355.930,53657,0,FKBPTagPOI,14-Registered,preRapalog_ATG9_PI4K3b/
374.770,106.398,268.372,84253,1,FKBPTagPOI,14-Registered,preRapalog_ATG9_PI4K3b/
1254.962,108.929,1146.033,53657,0,ATG9Cargo,14-Registered,preRapalog_ATG9_PI4K3b/
920.514,108.929,811.585,84253,1,ATG9Cargo,14-Registered,preRapalog_ATG9_PI4K3b/
264.735,105.784,158.951,100460,0,FKBPTagPOI,15-Registered,preRapalog_ATG9_PI4K3b/
207.123,105.784,101.339,177931,1,FKBPTagPOI,15-Registered,preRapalog_ATG9_PI4K3b/
1350.905,110.101,1240.804,100460,0,ATG9Cargo,15-Registered,preRapalog_ATG9_PI4K3b/
764.402,110.101,654.301,177931,1,ATG9Cargo,15-Registered,preRapalog_ATG9_PI4K3b/
475.626,107.378,368.248,149907,0,FKBPTagPOI,16-Registered,preRapalog_ATG9_PI4K3b/
350.302,107.378,242.924,181689,1,FKBPTagPOI,16-Registered,preRapalog_ATG9_PI4K3b/
1411.307,110.938,1300.369,149907,0,ATG9Cargo,16-Registered,preRapalog_ATG9_PI4K3b/
952.812,110.938,841.874,181689,1,ATG9Cargo,16-Registered,preRapalog_ATG9_PI4K3b/
275.251,106.014,169.237,65654,0,FKBPTagPOI,17-Registered,preRapalog_ATG9_PI4K3b/
190.779,106.014,84.765,91466,1,FKBPTagPOI,17-Registered,preRapalog_ATG9_PI4K3b/
374.262,108.222,266.040,65654,0,ATG9Cargo,17-Registered,preRapalog_ATG9_PI4K3b/
255.843,108.222,147.621,91466,1,ATG9Cargo,17-Registered,preRapalog_ATG9_PI4K3b/
171.001,106.436,64.565,228511,0,FKBPTagPOI,01-Registered,preRapalog_EmptyV_PI4K3B/
156.682,106.436,50.246,312054,1,FKBPTagPOI,01-Registered,preRapalog_EmptyV_PI4K3B/
750.680,116.700,633.980,228511,0,ATG9Cargo,01-Registered,preRapalog_EmptyV_PI4K3B/
488.349,116.700,371.649,312054,1,ATG9Cargo,01-Registered,preRapalog_EmptyV_PI4K3B/
258.179,106.119,152.060,264954,0,FKBPTagPOI,02-Registered,preRapalog_EmptyV_PI4K3B/
231.921,106.119,125.802,338887,1,FKBPTagPOI,02-Registered,preRapalog_EmptyV_PI4K3B/
1175.854,110.654,1065.200,264954,0,ATG9Cargo,02-Registered,preRapalog_EmptyV_PI4K3B/
748.138,110.654,637.484,338887,1,ATG9Cargo,02-Registered,preRapalog_EmptyV_PI4K3B/
326.135,105.823,220.311,99723,0,FKBPTagPOI,03-Registered,preRapalog_EmptyV_PI4K3B/
274.084,105.823,168.261,141868,1,FKBPTagPOI,03-Registered,preRapalog_EmptyV_PI4K3B/
1376.439,109.302,1267.137,99723,0,ATG9Cargo,03-Registered,preRapalog_EmptyV_PI4K3B/
688.953,109.302,579.651,141868,1,ATG9Cargo,03-Registered,preRapalog_EmptyV_PI4K3B/
398.267,106.997,291.270,112847,0,FKBPTagPOI,04-Registered,preRapalog_EmptyV_PI4K3B/
364.723,106.997,257.726,208773,1,FKBPTagPOI,04-Registered,preRapalog_EmptyV_PI4K3B/
1997.897,112.471,1885.426,112847,0,ATG9Cargo,04-Registered,preRapalog_EmptyV_PI4K3B/
1211.988,112.471,1099.517,208773,1,ATG9Cargo,04-Registered,preRapalog_EmptyV_PI4K3B/
201.223,106.131,95.092,113880,0,FKBPTagPOI,05-Registered,preRapalog_EmptyV_PI4K3B/
200.475,106.131,94.344,143287,1,FKBPTagPOI,05-Registered,preRapalog_EmptyV_PI4K3B/
2221.621,112.814,2108.807,113880,0,ATG9Cargo,05-Registered,preRapalog_EmptyV_PI4K3B/
1545.680,112.814,1432.865,143287,1,ATG9Cargo,05-Registered,preRapalog_EmptyV_PI4K3B/
286.125,106.027,180.098,36916,0,FKBPTagPOI,06-Registered,preRapalog_EmptyV_PI4K3B/
237.789,106.027,131.761,86462,1,FKBPTagPOI,06-Registered,preRapalog_EmptyV_PI4K3B/
1554.913,111.688,1443.225,36916,0,ATG9Cargo,06-Registered,preRapalog_EmptyV_PI4K3B/
1089.056,111.688,977.368,86462,1,ATG9Cargo,06-Registered,preRapalog_EmptyV_PI4K3B/
214.464,105.428,109.036,168502,0,FKBPTagPOI,07-Registered,preRapalog_EmptyV_PI4K3B/
172.963,105.428,67.535,225807,1,FKBPTagPOI,07-Registered,preRapalog_EmptyV_PI4K3B/
694.566,108.884,585.682,168502,0,ATG9Cargo,07-Registered,preRapalog_EmptyV_PI4K3B/
341.934,108.884,233.049,225807,1,ATG9Cargo,07-Registered,preRapalog_EmptyV_PI4K3B/
166.519,105.112,61.406,92296,0,FKBPTagPOI,08-Registered,preRapalog_EmptyV_PI4K3B/
149.208,105.112,44.096,120902,1,FKBPTagPOI,08-Registered,preRapalog_EmptyV_PI4K3B/
1549.268,109.638,1439.630,92296,0,ATG9Cargo,08-Registered,preRapalog_EmptyV_PI4K3B/
1019.983,109.638,910.345,120902,1,ATG9Cargo,08-Registered,preRapalog_EmptyV_PI4K3B/
480.773,105.118,375.656,138963,0,FKBPTagPOI,09-Registered,preRapalog_EmptyV_PI4K3B/
394.202,105.118,289.084,169722,1,FKBPTagPOI,09-Registered,preRapalog_EmptyV_PI4K3B/
472.463,108.194,364.269,138963,0,ATG9Cargo,09-Registered,preRapalog_EmptyV_PI4K3B/
446.482,108.194,338.288,169722,1,ATG9Cargo,09-Registered,preRapalog_EmptyV_PI4K3B/
223.302,106.289,117.013,199384,0,FKBPTagPOI,10-Registered,preRapalog_EmptyV_PI4K3B/
193.770,106.289,87.480,321758,1,FKBPTagPOI,10-Registered,preRapalog_EmptyV_PI4K3B/
1355.297,119.038,1236.259,199384,0,ATG9Cargo,10-Registered,preRapalog_EmptyV_PI4K3B/
701.079,119.038,582.041,321758,1,ATG9Cargo,10-Registered,preRapalog_EmptyV_PI4K3B/
306.411,105.774,200.637,272160,0,FKBPTagPOI,11-Registered,preRapalog_EmptyV_PI4K3B/
240.408,105.774,134.634,319733,1,FKBPTagPOI,11-Registered,preRapalog_EmptyV_PI4K3B/
1033.966,110.200,923.766,272160,0,ATG9Cargo,11-Registered,preRapalog_EmptyV_PI4K3B/
445.797,110.200,335.597,319733,1,ATG9Cargo,11-Registered,preRapalog_EmptyV_PI4K3B/
178.499,105.049,73.450,202915,0,FKBPTagPOI,12-Registered,preRapalog_EmptyV_PI4K3B/
154.551,105.049,49.503,234546,1,FKBPTagPOI,12-Registered,preRapalog_EmptyV_PI4K3B/
1053.524,110.474,943.050,202915,0,ATG9Cargo,12-Registered,preRapalog_EmptyV_PI4K3B/
567.966,110.474,457.493,234546,1,ATG9Cargo,12-Registered,preRapalog_EmptyV_PI4K3B/
384.846,105.949,278.897,131594,0,FKBPTagPOI,13-Registered,preRapalog_EmptyV_PI4K3B/
223.348,105.949,117.399,206488,1,FKBPTagPOI,13-Registered,preRapalog_EmptyV_PI4K3B/
901.182,110.062,791.121,131594,0,ATG9Cargo,13-Registered,preRapalog_EmptyV_PI4K3B/
464.942,110.062,354.880,206488,1,ATG9Cargo,13-Registered,preRapalog_EmptyV_PI4K3B/
164.842,106.200,58.642,220512,0,FKBPTagPOI,14-Registered,preRapalog_EmptyV_PI4K3B/
172.127,106.200,65.927,239690,1,FKBPTagPOI,14-Registered,preRapalog_EmptyV_PI4K3B/
1629.863,115.136,1514.726,220512,0,ATG9Cargo,14-Registered,preRapalog_EmptyV_PI4K3B/
782.162,115.136,667.025,239690,1,ATG9Cargo,14-Registered,preRapalog_EmptyV_PI4K3B/
188.357,107.387,80.971,295010,0,FKBPTagPOI,15-Registered,preRapalog_EmptyV_PI4K3B/
170.981,107.387,63.594,306893,1,FKBPTagPOI,15-Registered,preRapalog_EmptyV_PI4K3B/
777.386,116.701,660.686,295010,0,ATG9Cargo,15-Registered,preRapalog_EmptyV_PI4K3B/
527.217,116.701,410.516,306893,1,ATG9Cargo,15-Registered,preRapalog_EmptyV_PI4K3B/
588.771,108.692,480.079,174932,0,FKBPTagPOI,16-Registered,preRapalog_EmptyV_PI4K3B/
471.905,108.692,363.212,213479,1,FKBPTagPOI,16-Registered,preRapalog_EmptyV_PI4K3B/
3081.519,118.342,2963.177,174932,0,ATG9Cargo,16-Registered,preRapalog_EmptyV_PI4K3B/
1690.349,118.342,1572.007,213479,1,ATG9Cargo,16-Registered,preRapalog_EmptyV_PI4K3B/
180.095,107.146,72.949,222154,0,FKBPTagPOI,17-Registered,preRapalog_EmptyV_PI4K3B/
171.459,107.146,64.313,317240,1,FKBPTagPOI,17-Registered,preRapalog_EmptyV_PI4K3B/
714.526,112.389,602.137,222154,0,ATG9Cargo,17-Registered,preRapalog_EmptyV_PI4K3B/
451.693,112.389,339.304,317240,1,ATG9Cargo,17-Registered,preRapalog_EmptyV_PI4K3B/
198.507,107.953,90.555,299095,0,FKBPTagPOI,18-Registered,preRapalog_EmptyV_PI4K3B/
178.060,107.953,70.107,342471,1,FKBPTagPOI,18-Registered,preRapalog_EmptyV_PI4K3B/
1742.141,135.364,1606.777,299095,0,ATG9Cargo,18-Registered,preRapalog_EmptyV_PI4K3B/
987.533,135.364,852.169,342471,1,ATG9Cargo,18-Registered,preRapalog_EmptyV_PI4K3B/
216.293,107.094,109.199,148894,0,FKBPTagPOI,19-Registered,preRapalog_EmptyV_PI4K3B/
189.562,107.094,82.469,272786,1,FKBPTagPOI,19-Registered,preRapalog_EmptyV_PI4K3B/
784.492,113.616,670.876,148894,0,ATG9Cargo,19-Registered,preRapalog_EmptyV_PI4K3B/
552.577,113.616,438.961,272786,1,ATG9Cargo,19-Registered,preRapalog_EmptyV_PI4K3B/
373.353,108.994,264.359,267989,0,FKBPTagPOI,01-Registered,preRapalog_TPDmut_PI4K3b/
327.980,108.994,218.987,325899,1,FKBPTagPOI,01-Registered,preRapalog_TPDmut_PI4K3b/
356.757,112.236,244.521,267989,0,ATG9Cargo,01-Registered,preRapalog_TPDmut_PI4K3b/
272.128,112.236,159.892,325899,1,ATG9Cargo,01-Registered,preRapalog_TPDmut_PI4K3b/
916.845,109.202,807.643,214444,0,FKBPTagPOI,02-Registered,preRapalog_TPDmut_PI4K3b/
562.460,109.202,453.258,280389,1,FKBPTagPOI,02-Registered,preRapalog_TPDmut_PI4K3b/
497.094,111.124,385.969,214444,0,ATG9Cargo,02-Registered,preRapalog_TPDmut_PI4K3b/
313.763,111.124,202.638,280389,1,ATG9Cargo,02-Registered,preRapalog_TPDmut_PI4K3b/
278.604,109.104,169.499,288322,0,FKBPTagPOI,03-Registered,preRapalog_TPDmut_PI4K3b/
217.134,109.104,108.029,414113,1,FKBPTagPOI,03-Registered,preRapalog_TPDmut_PI4K3b/
412.639,112.844,299.795,288322,0,ATG9Cargo,03-Registered,preRapalog_TPDmut_PI4K3b/
298.218,112.844,185.374,414113,1,ATG9Cargo,03-Registered,preRapalog_TPDmut_PI4K3b/
734.878,107.967,626.911,290678,0,FKBPTagPOI,04-Registered,preRapalog_TPDmut_PI4K3b/
422.186,107.967,314.219,300395,1,FKBPTagPOI,04-Registered,preRapalog_TPDmut_PI4K3b/
646.975,111.631,535.344,290678,0,ATG9Cargo,04-Registered,preRapalog_TPDmut_PI4K3b/
407.370,111.631,295.739,300395,1,ATG9Cargo,04-Registered,preRapalog_TPDmut_PI4K3b/
472.156,110.611,361.545,283602,0,FKBPTagPOI,05-Registered,preRapalog_TPDmut_PI4K3b/
372.049,110.611,261.438,329173,1,FKBPTagPOI,05-Registered,preRapalog_TPDmut_PI4K3b/
710.151,114.801,595.350,283602,0,ATG9Cargo,05-Registered,preRapalog_TPDmut_PI4K3b/
485.352,114.801,370.551,329173,1,ATG9Cargo,05-Registered,preRapalog_TPDmut_PI4K3b/
330.251,105.733,224.518,221962,0,FKBPTagPOI,06-Registered,preRapalog_TPDmut_PI4K3b/
221.986,105.733,116.253,283188,1,FKBPTagPOI,06-Registered,preRapalog_TPDmut_PI4K3b/
291.066,109.723,181.343,221962,0,ATG9Cargo,06-Registered,preRapalog_TPDmut_PI4K3b/
209.983,109.723,100.260,283188,1,ATG9Cargo,06-Registered,preRapalog_TPDmut_PI4K3b/
426.683,107.079,319.605,250056,0,FKBPTagPOI,07-Registered,preRapalog_TPDmut_PI4K3b/
268.399,107.079,161.320,336958,1,FKBPTagPOI,07-Registered,preRapalog_TPDmut_PI4K3b/
382.953,111.163,271.790,250056,0,ATG9Cargo,07-Registered,preRapalog_TPDmut_PI4K3b/
258.000,111.163,146.836,336958,1,ATG9Cargo,07-Registered,preRapalog_TPDmut_PI4K3b/
268.466,108.883,159.584,244202,0,FKBPTagPOI,08-Registered,preRapalog_TPDmut_PI4K3b/
207.396,108.883,98.513,338029,1,FKBPTagPOI,08-Registered,preRapalog_TPDmut_PI4K3b/
269.295,112.251,157.045,244202,0,ATG9Cargo,08-Registered,preRapalog_TPDmut_PI4K3b/
200.339,112.251,88.088,338029,1,ATG9Cargo,08-Registered,preRapalog_TPDmut_PI4K3b/
326.182,106.054,220.128,341200,0,FKBPTagPOI,09-Registered,preRapalog_TPDmut_PI4K3b/
284.683,106.054,178.628,298632,1,FKBPTagPOI,09-Registered,preRapalog_TPDmut_PI4K3b/
422.971,107.934,315.037,341200,0,ATG9Cargo,09-Registered,preRapalog_TPDmut_PI4K3b/
291.243,107.934,183.309,298632,1,ATG9Cargo,09-Registered,preRapalog_TPDmut_PI4K3b/
570.489,108.999,461.489,150827,0,FKBPTagPOI,10-Registered,preRapalog_TPDmut_PI4K3b/
426.667,108.999,317.667,219144,1,FKBPTagPOI,10-Registered,preRapalog_TPDmut_PI4K3b/
597.573,113.539,484.035,150827,0,ATG9Cargo,10-Registered,preRapalog_TPDmut_PI4K3b/
419.065,113.539,305.526,219144,1,ATG9Cargo,10-Registered,preRapalog_TPDmut_PI4K3b/
289.700,106.901,182.799,203442,0,FKBPTagPOI,11-Registered,preRapalog_TPDmut_PI4K3b/
203.848,106.901,96.946,296856,1,FKBPTagPOI,11-Registered,preRapalog_TPDmut_PI4K3b/
364.384,109.771,254.613,203442,0,ATG9Cargo,11-Registered,preRapalog_TPDmut_PI4K3b/
231.579,109.771,121.807,296856,1,ATG9Cargo,11-Registered,preRapalog_TPDmut_PI4K3b/
288.276,107.748,180.528,144581,0,FKBPTagPOI,12-Registered,preRapalog_TPDmut_PI4K3b/
219.900,107.748,112.152,234953,1,FKBPTagPOI,12-Registered,preRapalog_TPDmut_PI4K3b/
428.785,110.100,318.685,144581,0,ATG9Cargo,12-Registered,preRapalog_TPDmut_PI4K3b/
264.778,110.100,154.677,234953,1,ATG9Cargo,12-Registered,preRapalog_TPDmut_PI4K3b/
414.646,107.322,307.324,193177,0,FKBPTagPOI,13-Registered,preRapalog_TPDmut_PI4K3b/
301.721,107.322,194.399,189138,1,FKBPTagPOI,13-Registered,preRapalog_TPDmut_PI4K3b/
397.857,110.551,287.306,193177,0,ATG9Cargo,13-Registered,preRapalog_TPDmut_PI4K3b/
271.976,110.551,161.426,189138,1,ATG9Cargo,13-Registered,preRapalog_TPDmut_PI4K3b/
813.185,110.489,702.696,225404,0,FKBPTagPOI,14-Registered,preRapalog_TPDmut_PI4K3b/
506.893,110.489,396.404,260869,1,FKBPTagPOI,14-Registered,preRapalog_TPDmut_PI4K3b/
939.830,112.706,827.124,225404,0,ATG9Cargo,14-Registered,preRapalog_TPDmut_PI4K3b/
503.450,112.706,390.744,260869,1,ATG9Cargo,14-Registered,preRapalog_TPDmut_PI4K3b/
272.957,107.629,165.328,156668,0,FKBPTagPOI,15-Registered,preRapalog_TPDmut_PI4K3b/
241.387,107.629,133.758,203726,1,FKBPTagPOI,15-Registered,preRapalog_TPDmut_PI4K3b/
507.816,110.528,397.288,156668,0,ATG9Cargo,15-Registered,preRapalog_TPDmut_PI4K3b/
389.260,110.528,278.732,203726,1,ATG9Cargo,15-Registered,preRapalog_TPDmut_PI4K3b/
229.509,109.630,119.879,210737,0,FKBPTagPOI,16-Registered,preRapalog_TPDmut_PI4K3b/
193.142,109.630,83.512,270286,1,FKBPTagPOI,16-Registered,preRapalog_TPDmut_PI4K3b/
225.861,110.425,115.436,210737,0,ATG9Cargo,16-Registered,preRapalog_TPDmut_PI4K3b/
182.142,110.425,71.716,270286,1,ATG9Cargo,16-Registered,preRapalog_TPDmut_PI4K3b/
276.523,109.906,166.617,301993,0,FKBPTagPOI,17-Registered,preRapalog_TPDmut_PI4K3b/
234.009,109.906,124.103,273632,1,FKBPTagPOI,17-Registered,preRapalog_TPDmut_PI4K3b/
360.672,113.273,247.399,301993,0,ATG9Cargo,17-Registered,preRapalog_TPDmut_PI4K3b/
268.225,113.273,154.952,273632,1,ATG9Cargo,17-Registered,preRapalog_TPDmut_PI4K3b/
499.934,107.084,392.850,230485,0,FKBPTagPOI,18-Registered,preRapalog_TPDmut_PI4K3b/
358.211,107.084,251.127,296903,1,FKBPTagPOI,18-Registered,preRapalog_TPDmut_PI4K3b/
728.184,115.124,613.060,230485,0,ATG9Cargo,18-Registered,preRapalog_TPDmut_PI4K3b/
457.669,115.124,342.545,296903,1,ATG9Cargo,18-Registered,preRapalog_TPDmut_PI4K3b/
423.621,106.105,317.516,155831,0,FKBPTagPOI,19-Registered,preRapalog_TPDmut_PI4K3b/
363.562,106.105,257.457,192471,1,FKBPTagPOI,19-Registered,preRapalog_TPDmut_PI4K3b/
403.685,109.443,294.243,155831,0,ATG9Cargo,19-Registered,preRapalog_TPDmut_PI4K3b/
346.273,109.443,236.831,192471,1,ATG9Cargo,19-Registered,preRapalog_TPDmut_PI4K3b/
890.588,107.820,782.768,278294,0,FKBPTagPOI,20-Registered,preRapalog_TPDmut_PI4K3b/
586.894,107.820,479.074,383527,1,FKBPTagPOI,20-Registered,preRapalog_TPDmut_PI4K3b/
487.083,111.707,375.375,278294,0,ATG9Cargo,20-Registered,preRapalog_TPDmut_PI4K3b/
320.183,111.707,208.476,383527,1,ATG9Cargo,20-Registered,preRapalog_TPDmut_PI4K3b/
297.178,106.545,190.633,341886,0,FKBPTagPOI,21-Registered,preRapalog_TPDmut_PI4K3b/
235.183,106.545,128.638,364640,1,FKBPTagPOI,21-Registered,preRapalog_TPDmut_PI4K3b/
311.713,109.947,201.766,341886,0,ATG9Cargo,21-Registered,preRapalog_TPDmut_PI4K3b/
249.622,109.947,139.675,364640,1,ATG9Cargo,21-Registered,preRapalog_TPDmut_PI4K3b/
494.395,109.914,384.480,358211,0,FKBPTagPOI,01-Registered,preRapalog_TPDwt_PI4K3b/
342.203,109.914,232.289,425190,1,FKBPTagPOI,01-Registered,preRapalog_TPDwt_PI4K3b/
300.172,109.661,190.512,358211,0,ATG9Cargo,01-Registered,preRapalog_TPDwt_PI4K3b/
222.282,109.661,112.622,425190,1,ATG9Cargo,01-Registered,preRapalog_TPDwt_PI4K3b/
931.977,109.806,822.171,286981,0,FKBPTagPOI,02-Registered,preRapalog_TPDwt_PI4K3b/
669.004,109.806,559.198,379528,1,FKBPTagPOI,02-Registered,preRapalog_TPDwt_PI4K3b/
321.878,109.028,212.850,286981,0,ATG9Cargo,02-Registered,preRapalog_TPDwt_PI4K3b/
249.964,109.028,140.936,379528,1,ATG9Cargo,02-Registered,preRapalog_TPDwt_PI4K3b/
1852.336,107.242,1745.093,172354,0,FKBPTagPOI,03-Registered,preRapalog_TPDwt_PI4K3b/
1024.019,107.242,916.777,190683,1,FKBPTagPOI,03-Registered,preRapalog_TPDwt_PI4K3b/
898.489,108.472,790.017,172354,0,ATG9Cargo,03-Registered,preRapalog_TPDwt_PI4K3b/
480.052,108.472,371.580,190683,1,ATG9Cargo,03-Registered,preRapalog_TPDwt_PI4K3b/
629.104,109.830,519.274,298192,0,FKBPTagPOI,04-Registered,preRapalog_TPDwt_PI4K3b/
492.712,109.830,382.883,324914,1,FKBPTagPOI,04-Registered,preRapalog_TPDwt_PI4K3b/
308.618,111.184,197.434,298192,0,ATG9Cargo,04-Registered,preRapalog_TPDwt_PI4K3b/
234.231,111.184,123.047,324914,1,ATG9Cargo,04-Registered,preRapalog_TPDwt_PI4K3b/
1166.009,109.216,1056.793,299527,0,FKBPTagPOI,05-Registered,preRapalog_TPDwt_PI4K3b/
707.953,109.216,598.737,402341,1,FKBPTagPOI,05-Registered,preRapalog_TPDwt_PI4K3b/
312.557,111.322,201.236,299527,0,ATG9Cargo,05-Registered,preRapalog_TPDwt_PI4K3b/
242.098,111.322,130.776,402341,1,ATG9Cargo,05-Registered,preRapalog_TPDwt_PI4K3b/
1097.132,108.298,988.834,197216,0,FKBPTagPOI,06-Registered,preRapalog_TPDwt_PI4K3b/
674.921,108.298,566.623,252100,1,FKBPTagPOI,06-Registered,preRapalog_TPDwt_PI4K3b/
311.987,110.770,201.217,197216,0,ATG9Cargo,06-Registered,preRapalog_TPDwt_PI4K3b/
225.499,110.770,114.729,252100,1,ATG9Cargo,06-Registered,preRapalog_TPDwt_PI4K3b/
535.393,110.944,424.449,277752,0,FKBPTagPOI,07-Registered,preRapalog_TPDwt_PI4K3b/
417.074,110.944,306.131,442936,1,FKBPTagPOI,07-Registered,preRapalog_TPDwt_PI4K3b/
218.387,108.809,109.578,277752,0,ATG9Cargo,07-Registered,preRapalog_TPDwt_PI4K3b/
204.509,108.809,95.700,442936,1,ATG9Cargo,07-Registered,preRapalog_TPDwt_PI4K3b/
936.578,108.176,828.401,255380,0,FKBPTagPOI,08-Registered,preRapalog_TPDwt_PI4K3b/
611.638,108.176,503.461,346251,1,FKBPTagPOI,08-Registered,preRapalog_TPDwt_PI4K3b/
373.729,108.938,264.792,255380,0,ATG9Cargo,08-Registered,preRapalog_TPDwt_PI4K3b/
253.122,108.938,144.184,346251,1,ATG9Cargo,08-Registered,preRapalog_TPDwt_PI4K3b/
1351.789,108.362,1243.427,252412,0,FKBPTagPOI,09-Registered,preRapalog_TPDwt_PI4K3b/
879.654,108.362,771.292,278443,1,FKBPTagPOI,09-Registered,preRapalog_TPDwt_PI4K3b/
811.022,108.836,702.185,252412,0,ATG9Cargo,09-Registered,preRapalog_TPDwt_PI4K3b/
511.245,108.836,402.408,278443,1,ATG9Cargo,09-Registered,preRapalog_TPDwt_PI4K3b/
259.178,107.730,151.448,292779,0,FKBPTagPOI,10-Registered,preRapalog_TPDwt_PI4K3b/
172.168,107.730,64.438,389904,1,FKBPTagPOI,10-Registered,preRapalog_TPDwt_PI4K3b/
196.535,109.162,87.373,292779,0,ATG9Cargo,10-Registered,preRapalog_TPDwt_PI4K3b/
146.699,109.162,37.536,389904,1,ATG9Cargo,10-Registered,preRapalog_TPDwt_PI4K3b/
492.539,106.924,385.615,156748,0,FKBPTagPOI,11-Registered,preRapalog_TPDwt_PI4K3b/
299.052,106.924,192.128,240097,1,FKBPTagPOI,11-Registered,preRapalog_TPDwt_PI4K3b/
252.365,109.185,143.180,156748,0,ATG9Cargo,11-Registered,preRapalog_TPDwt_PI4K3b/
194.553,109.185,85.368,240097,1,ATG9Cargo,11-Registered,preRapalog_TPDwt_PI4K3b/
626.616,109.261,517.355,334628,0,FKBPTagPOI,12-Registered,preRapalog_TPDwt_PI4K3b/
435.009,109.261,325.748,389429,1,FKBPTagPOI,12-Registered,preRapalog_TPDwt_PI4K3b/
271.108,110.485,160.622,334628,0,ATG9Cargo,12-Registered,preRapalog_TPDwt_PI4K3b/
194.574,110.485,84.089,389429,1,ATG9Cargo,12-Registered,preRapalog_TPDwt_PI4K3b/
1163.977,113.382,1050.595,259333,0,FKBPTagPOI,13-Registered,preRapalog_TPDwt_PI4K3b/
647.409,113.382,534.028,277675,1,FKBPTagPOI,13-Registered,preRapalog_TPDwt_PI4K3b/
355.850,112.246,243.604,259333,0,ATG9Cargo,13-Registered,preRapalog_TPDwt_PI4K3b/
220.566,112.246,108.320,277675,1,ATG9Cargo,13-Registered,preRapalog_TPDwt_PI4K3b/
1137.308,107.409,1029.899,145424,0,FKBPTagPOI,14-Registered,preRapalog_TPDwt_PI4K3b/
936.033,107.409,828.623,171352,1,FKBPTagPOI,14-Registered,preRapalog_TPDwt_PI4K3b/
450.715,108.600,342.115,145424,0,ATG9Cargo,14-Registered,preRapalog_TPDwt_PI4K3b/
340.499,108.600,231.898,171352,1,ATG9Cargo,14-Registered,preRapalog_TPDwt_PI4K3b/
1015.223,108.761,906.462,156194,0,FKBPTagPOI,15-Registered,preRapalog_TPDwt_PI4K3b/
632.244,108.761,523.482,253711,1,FKBPTagPOI,15-Registered,preRapalog_TPDwt_PI4K3b/
974.344,109.672,864.672,156194,0,ATG9Cargo,15-Registered,preRapalog_TPDwt_PI4K3b/
603.487,109.672,493.815,253711,1,ATG9Cargo,15-Registered,preRapalog_TPDwt_PI4K3b/
556.952,109.025,447.927,276531,0,FKBPTagPOI,16-Registered,preRapalog_TPDwt_PI4K3b/
388.798,109.025,279.773,257228,1,FKBPTagPOI,16-Registered,preRapalog_TPDwt_PI4K3b/
221.415,109.138,112.278,276531,0,ATG9Cargo,16-Registered,preRapalog_TPDwt_PI4K3b/
166.137,109.138,57.000,257228,1,ATG9Cargo,16-Registered,preRapalog_TPDwt_PI4K3b/
1585.494,109.215,1476.279,208790,0,FKBPTagPOI,17-Registered,preRapalog_TPDwt_PI4K3b/
1152.704,109.215,1043.489,251342,1,FKBPTagPOI,17-Registered,preRapalog_TPDwt_PI4K3b/
455.818,109.230,346.589,208790,0,ATG9Cargo,17-Registered,preRapalog_TPDwt_PI4K3b/
352.221,109.230,242.991,251342,1,ATG9Cargo,17-Registered,preRapalog_TPDwt_PI4K3b/
1117.025,107.847,1009.179,240849,0,FKBPTagPOI,18-Registered,preRapalog_TPDwt_PI4K3b/
887.629,107.847,779.782,377559,1,FKBPTagPOI,18-Registered,preRapalog_TPDwt_PI4K3b/
393.519,108.742,284.777,240849,0,ATG9Cargo,18-Registered,preRapalog_TPDwt_PI4K3b/
298.349,108.742,189.607,377559,1,ATG9Cargo,18-Registered,preRapalog_TPDwt_PI4K3b/
464.791,106.434,358.357,241718,0,FKBPTagPOI,19-Registered,preRapalog_TPDwt_PI4K3b/
321.139,106.434,214.705,272994,1,FKBPTagPOI,19-Registered,preRapalog_TPDwt_PI4K3b/
481.727,107.269,374.458,241718,0,ATG9Cargo,19-Registered,preRapalog_TPDwt_PI4K3b/
302.971,107.269,195.702,272994,1,ATG9Cargo,19-Registered,preRapalog_TPDwt_PI4K3b/
369.982,106.530,263.453,299911,0,FKBPTagPOI,20-Registered,preRapalog_TPDwt_PI4K3b/
262.877,106.530,156.347,279807,1,FKBPTagPOI,20-Registered,preRapalog_TPDwt_PI4K3b/
190.216,108.456,81.759,299911,0,ATG9Cargo,20-Registered,preRapalog_TPDwt_PI4K3b/
170.184,108.456,61.727,279807,1,ATG9Cargo,20-Registered,preRapalog_TPDwt_PI4K3b/
816.145,108.681,707.464,265306,0,FKBPTagPOI,21-Registered,preRapalog_TPDwt_PI4K3b/
500.186,108.681,391.505,300482,1,FKBPTagPOI,21-Registered,preRapalog_TPDwt_PI4K3b/
487.051,111.172,375.879,265306,0,ATG9Cargo,21-Registered,preRapalog_TPDwt_PI4K3b/
296.551,111.172,185.379,300482,1,ATG9Cargo,21-Registered,preRapalog_TPDwt_PI4K3b/
1249.166,108.978,1140.187,254067,0,FKBPTagPOI,22-Registered,preRapalog_TPDwt_PI4K3b/
823.259,108.978,714.280,362703,1,FKBPTagPOI,22-Registered,preRapalog_TPDwt_PI4K3b/
419.269,108.405,310.864,254067,0,ATG9Cargo,22-Registered,preRapalog_TPDwt_PI4K3b/
312.443,108.405,204.038,362703,1,ATG9Cargo,22-Registered,preRapalog_TPDwt_PI4K3b/
688.417,110.933,577.484,357773,0,FKBPTagPOI,23-Registered,preRapalog_TPDwt_PI4K3b/
546.185,110.933,435.252,429149,1,FKBPTagPOI,23-Registered,preRapalog_TPDwt_PI4K3b/
505.695,110.508,395.186,357773,0,ATG9Cargo,23-Registered,preRapalog_TPDwt_PI4K3b/
366.440,110.508,255.932,429149,1,ATG9Cargo,23-Registered,preRapalog_TPDwt_PI4K3b/
