"","so_PID","so_NAME","so_SHORTNAME","so_productWave","so_colorWave","so_allTWave","so_ratioWave","so_keyW","class_id","CLASS_ID","CLASS_TERM","UCLASS_ID","UCLASS_TERM"
"1","O43399","Tumor protein D54","TPD52L2",13.9219920550544,3,2.5359732e-06,320.934887875912,131,"PC00151","PC00151","membrane trafficking regulatory protein","PC00150","membrane traffic protein"
"2","P55327","Tumor protein D52","TPD52",13.6490145754908,3,3.5981742e-07,147.553754893066,938,"PC00151","PC00151","membrane trafficking regulatory protein","PC00150","membrane traffic protein"
"3","O14828","Secretory carrier-associated membrane protein 3","SCAMP3",12.5059153129501,3,2.2001942e-07,57.6151542571007,71,"PC00219","PC00219","transfer/carrier protein","PC00219","transfer/carrier protein"
"4","P11279","Lysosome-associated membrane glycoprotein 1","LAMP1",12.1998271280153,3,1.6103661e-08,21.2111592677373,456,"PC00151","PC00151","membrane trafficking regulatory protein","PC00150","membrane traffic protein"
"5","Q9H0U4","Ras-related protein Rab-1B","RAB1B",11.1899403527726,3,3.3683608e-07,26.3067107206071,2048,"PC00020","PC00020","G-protein","PC00095","protein-binding activity modulator"
"6","O43854","EGF-like repeat and discoidin I-like domain-containing protein 3","EDIL3",11.0567457393635,3,6.2055483e-07,28.8305341646894,153,"PC00176","PC00176","oxidoreductase","PC00262","metabolite interconversion enzyme"
"7","P61106","Ras-related protein Rab-14","RAB14",10.8603636685044,3,1.9096218e-07,17.6465087300742,973,"PC00020","PC00020","G-protein","PC00095","protein-binding activity modulator"
"8","Q9NZM1","Myoferlin","MYOF",10.8574885279852,3,9.1430195e-08,14.1093355046017,2213,NA,NA,"Unclassified",NA,"Unclassified"
"9","P02786","Transferrin receptor protein 1;Transferrin receptor protein 1, serum form","TFRC",10.5578196223374,3,1.1196743e-05,48.7358478651808,325,"PC00190","PC00190","protease","PC00260","protein modifying enzyme"
"10","Q10589","Bone marrow stromal antigen 2","BST2",10.453820278944,3,8.6398938e-07,20.9710683908764,1192,NA,NA,"Unclassified",NA,"Unclassified"
"11","P20340","Ras-related protein Rab-6A;Ras-related protein Rab-6B","RAB6A",10.3173412119014,3,2.9055955e-05,54.9701530153834,2511,"PC00020","PC00020","G-protein","PC00095","protein-binding activity modulator"
"12","P80723","Brain acid soluble protein 1","BASP1",10.2430200944963,3,0.001633127,175.586722155498,1090,NA,NA,"Unclassified",NA,"Unclassified"
"13","P08195","4F2 cell-surface antigen heavy chain","SLC3A2",10.2072057506755,3,7.1195071e-05,66.7018857901172,391,"PC00227","PC00227","transporter","PC00227","transporter"
"14","Q09666","Neuroblast differentiation-associated protein AHNAK","AHNAK",9.91009962569414,3,0.00021203027,75.4002562539585,1188,NA,NA,"Unclassified",NA,"Unclassified"
"15","P35613","Basigin","BSG",9.66543268376277,3,7.2995703e-05,46.1650820680013,724,"PC00226","PC00226","scaffold/adaptor protein","PC00226","scaffold/adaptor protein"
"16","P51148","Ras-related protein Rab-5C","RAB5C",9.46340270572819,3,1.797561e-06,13.1599873784722,873,"PC00020","PC00020","G-protein","PC00095","protein-binding activity modulator"
"17","P62491","Ras-related protein Rab-11A;Ras-related protein Rab-11B","RAB11B",9.35628116854204,3,3.1417765e-06,14.454596036898,2617,"PC00020","PC00020","G-protein","PC00095","protein-binding activity modulator"
"18","P61026","Ras-related protein Rab-10","RAB10",9.30118522953012,3,1.2417178e-06,10.5210586988436,970,"PC00208","PC00095","G-protein","PC00020","protein-binding activity modulator"
"19","P05556","Integrin beta-1","ITGB1",9.28211659373056,3,0.00050242653,63.2585704431236,358,"PC00126","PC00126","integrin","PC00069","cell adhesion molecule"
"20","P61006","Ras-related protein Rab-8A","RAB8A",9.12747544455993,3,3.7848204e-07,6.52293301235036,966,"PC00208","PC00095","G-protein","PC00020","protein-binding activity modulator"
"21","Q01650","Large neutral amino acids transporter small subunit 1","SLC7A5",9.08903802767654,3,0.0003242135,48.4985310363219,1125,"PC00227","PC00227","transporter","PC00227","transporter"
"22","Q10471","Polypeptide N-acetylgalactosaminyltransferase 2;Polypeptide N-acetylgalactosaminyltransferase 2 soluble form","GALNT2",8.83314435803215,3,3.9358142e-06,10.7642728263803,1189,"PC00220","PC00220","transferase","PC00262","metabolite interconversion enzyme"
"23","Q9H3Z4","DnaJ homolog subfamily C member 5","DNAJC5",8.66185543475933,3,0.00030693077,35.4790617934259,2709,"PC00072","PC00072","chaperone","PC00072","chaperone"
"24","P11166","Solute carrier family 2, facilitated glucose transporter member 1","SLC2A1",8.65755116559237,3,0.00032876033,36.1126024296293,450,"PC00258","PC00258","secondary carrier transporter","PC00227","transporter"
"25","P51149","Ras-related protein Rab-7a","RAB7A",8.63899099194527,3,5.6930262e-06,10.514686655177,874,"PC00020","PC00020","G-protein","PC00095","protein-binding activity modulator"
"26","P10321","HLA class I histocompatibility antigen, Cw-7 alpha chain","HLA-C",8.49041749062326,3,0.0016316652,52.0941142942318,437,"PC00149","PC00149","major histocompatibility complex protein","PC00090","defense/immunity protein"
"27","O43760","Synaptogyrin-2","SYNGR2",8.44359881185576,3,0.0003778844,32.468251145484,146,"PC00151","PC00151","membrane trafficking regulatory protein","PC00150","membrane traffic protein"
"28","P27797","Calreticulin","CALR",8.39712803713863,3,0.0011698767,44.1783633241273,631,"PC00072","PC00072","chaperone","PC00072","chaperone"
"29","P07355","Annexin A2;Putative annexin A2-like protein","ANXA2;ANXA2P2",8.23581763345461,3,0.0018795248,45.5653651372848,377,"PC00060","PC00060","calcium-binding protein","PC00060","calcium-binding protein"
"30","P07237","Protein disulfide-isomerase","P4HB",8.17536037652953,3,0.00054154603,30.0438084935594,375,"PC00072","PC00072","chaperone","PC00072","chaperone"
"31","P68032","Actin, alpha cardiac muscle 1;Actin, alpha skeletal muscle;Actin, gamma-enteric smooth muscle;Actin, aortic smooth muscle","ACTC1;ACTA1;ACTG2;ACTA2",8.15739620389995,3,0.0091705378,69.5409522890458,2579,"PC00041","PC00041","actin or actin-binding cytoskeletal protein","PC00085","cytoskeletal protein"
"32","Q16563","Synaptophysin-like protein 1","SYPL1",8.14340906649443,3,0.0026846684,47.5805410374773,1420,"PC00151","PC00151","membrane trafficking regulatory protein","PC00150","membrane traffic protein"
"33","P27658","Collagen alpha-1(VIII) chain;Vastatin","COL8A1",8.12688569432265,3,2.347507e-05,11.2940623320006,2523,"PC00103","PC00103","extracellular matrix structural protein","PC00102","extracellular matrix protein"
"34","Q15836","Vesicle-associated membrane protein 3","VAMP3",8.04711409087705,3,4.6469984e-05,13.1253730520417,1407,"PC00150","PC00150","membrane traffic protein","PC00150","membrane traffic protein"
"35","P27824","Calnexin","CANX",8.01737482197454,3,0.0013056103,35.0948714869262,633,"PC00072","PC00072","chaperone","PC00072","chaperone"
"36","P62820","Ras-related protein Rab-1A","RAB1A",8.00060329069042,3,0.00060500001,27.5190495488142,1034,"PC00020","PC00020","G-protein","PC00095","protein-binding activity modulator"
"37","P04899","Guanine nucleotide-binding protein G(i) subunit alpha-2","GNAI2",7.90666416224749,3,0.0019144454,36.4717404524396,345,"PC00020","PC00020","G-protein","PC00095","protein-binding activity modulator"
"38","P04439","HLA class I histocompatibility antigen, A-3 alpha chain","HLA-A",7.87146668660351,3,0.00087089202,28.0792205046009,338,"PC00149","PC00149","major histocompatibility complex protein","PC00090","defense/immunity protein"
"39","P14625","Endoplasmin","HSP90B1",7.8516297174276,3,0.00015259824,16.3949445993442,494,"PC00028","PC00028","Hsp90 family chaperone","PC00072","chaperone"
"40","Q92928","Ras-related protein Rab-1B;Putative Ras-related protein Rab-1C","RAB1B;RAB1C",7.79960816775303,3,0.00013044044,15.0847659063318,2706,"PC00020","PC00020","G-protein","PC00095","protein-binding activity modulator"
"41","P47712","Cytosolic phospholipase A2;Phospholipase A2;Lysophospholipase","PLA2G4A",7.73216038173615,3,2.8412715e-05,9.09877958538563,812,"PC00186","PC00262","hydrolase","PC00121","metabolite interconversion enzyme"
"42","Q9UKX5","Integrin alpha-11","ITGA11",7.70303715797559,3,0.00022600824,16.6466672456236,2293,"PC00126","PC00126","integrin","PC00069","cell adhesion molecule"
"43","P30101","Protein disulfide-isomerase A3","PDIA3",7.65851049341877,3,0.0021980316,32.0120764914429,658,"PC00072","PC00072","chaperone","PC00072","chaperone"
"44","Q96QE2","Proton myo-inositol cotransporter","SLC2A13",7.65415207877661,3,3.8417413e-05,9.43930112550709,2685,"PC00227","PC00227","transporter","PC00227","transporter"
"45","P12272","Parathyroid hormone-related protein;PTHrP[1-36];PTHrP[38-94];Osteostatin","PTHLH",7.64016153205025,3,0.004740315,39.8351132037767,3289,"PC00179","PC00179","peptide hormone","PC00207","intercellular signal molecule"
"46","P61224","Ras-related protein Rap-1b;Ras-related protein Rap-1A;Ras-related protein Rap-1b-like protein","RAP1B;RAP1A",7.57213615825844,3,0.0001604842,13.7139126669276,980,"PC00020","PC00020","G-protein","PC00095","protein-binding activity modulator"
"47","Q16658","Fascin","FSCN1",7.51447406319423,3,0.00015169868,12.9551690646121,1427,"PC00085","PC00085","cytoskeletal protein","PC00085","cytoskeletal protein"
"48","P04406","Glyceraldehyde-3-phosphate dehydrogenase","GAPDH",7.46860395709907,3,1.8835546e-05,6.69731171757116,337,"PC00262","PC00262","metabolite interconversion enzyme","PC00262","metabolite interconversion enzyme"
"49","Q8NBS9","Thioredoxin domain-containing protein 5","TXNDC5",7.45248871180734,3,0.00016847528,12.808458795865,1678,"PC00072","PC00072","chaperone","PC00072","chaperone"
"50","P20645","Cation-dependent mannose-6-phosphate receptor","M6PR",7.44986799666678,3,0.0003719771,16.2276715906358,567,"PC00150","PC00150","membrane traffic protein","PC00150","membrane traffic protein"
"51","Q14697","Neutral alpha-glucosidase AB","GANAB",7.44233960739326,3,0.0012965982,23.5090603982532,1328,"PC00121","PC00121","hydrolase","PC00262","metabolite interconversion enzyme"
"52","P50454","Serpin H1","SERPINH1",7.43693377921876,3,4.8852207e-06,4.36450499244846,860,"PC00191","PC00191","protease inhibitor","PC00095","protein-binding activity modulator"
"53","P26038","Moesin","MSN",7.40869722228464,3,0.004323117,33.0022903632769,614,"PC00041","PC00041","actin or actin-binding cytoskeletal protein","PC00085","cytoskeletal protein"
"54","P22314","Ubiquitin-like modifier-activating enzyme 1","UBA1",7.36654457589383,3,6.689164e-05,9.13823990637641,581,"PC00234","PC00234","ubiquitin-protein ligase","PC00260","protein modifying enzyme"
"55","Q15149","Plectin","PLEC",7.33195148449798,3,0.0011794308,21.1652250538218,1365,"PC00129","PC00129","intermediate filament","PC00085","cytoskeletal protein"
"56","Q6RW13","Type-1 angiotensin II receptor-associated protein","AGTRAP",7.22012264455757,3,0.0092124827,36.3655208004638,1540,"PC00197","PC00197","transmembrane signal receptor","PC00197","transmembrane signal receptor"
"57","P16070","CD44 antigen","CD44",7.20211598027813,3,0.0035903552,27.0443135945805,511,"PC00197","PC00197","transmembrane signal receptor","PC00197","transmembrane signal receptor"
"58","P08648","Integrin alpha-5;Integrin alpha-5 heavy chain;Integrin alpha-5 light chain","ITGA5",7.17921807237749,3,0.0014376079,20.208054493441,402,"PC00126","PC00126","integrin","PC00069","cell adhesion molecule"
"59","Q15758","Neutral amino acid transporter B(0)","SLC1A5",7.16977050382637,3,0.0026759286,24.2051982031297,1402,"PC00068","PC00068","primary active transporter","PC00227","transporter"
"60","Q68DH5","LMBR1 domain-containing protein 2","LMBRD2",7.14108899986458,3,0.00027818693,12.003853007634,2625,"PC00197","PC00197","transmembrane signal receptor","PC00197","transmembrane signal receptor"
"61","O00159","Unconventional myosin-Ic","MYO1C",7.13411289628521,3,0.00020633391,10.9183546664862,23,"PC00040","PC00085","actin or actin-binding cytoskeletal protein","PC00041","cytoskeletal protein"
"62","P20339","Ras-related protein Rab-5A","RAB5A",7.10663035886126,3,2.5791713e-05,5.72831293625588,564,"PC00020","PC00020","G-protein","PC00095","protein-binding activity modulator"
"63","P35052","Glypican-1;Secreted glypican-1","GPC1",7.09471926096607,3,0.000293377,11.811704977968,705,"PC00226","PC00226","scaffold/adaptor protein","PC00226","scaffold/adaptor protein"
"64","P10809","60 kDa heat shock protein, mitochondrial","HSPD1",7.0683097136456,3,0.00094971794,16.5172811878664,444,NA,NA,"Unclassified",NA,"Unclassified"
"65","P35579","Myosin-9","MYH9",7.03802828334672,3,0.0027407121,22.2524400125914,720,"PC00041","PC00041","actin or actin-binding cytoskeletal protein","PC00085","cytoskeletal protein"
"66","P05023","Sodium/potassium-transporting ATPase subunit alpha-1","ATP1A1",7.02403348956676,3,0.0051945946,26.7151294793489,348,"PC00068","PC00068","primary active transporter","PC00227","transporter"
"67","P11021","78 kDa glucose-regulated protein","HSPA5",6.99958680015797,3,3.6969737e-05,5.92753837747406,446,"PC00027","PC00027","Hsp70 family chaperone","PC00072","chaperone"
"68","P35221","Catenin alpha-1","CTNNA1",6.98803545538112,3,0.0010049344,15.8913867014074,706,"PC00165","PC00085","actin or actin-binding cytoskeletal protein","PC00041","cytoskeletal protein"
"69","P67936","Tropomyosin alpha-4 chain","TPM4",6.9295756657704,3,0.00021743661,9.62581296568232,1070,"PC00085","PC00085","cytoskeletal protein","PC00085","cytoskeletal protein"
"70","O15126","Secretory carrier-associated membrane protein 1","SCAMP1",6.91073344208944,3,0.00069886568,13.5022428960295,90,"PC00219","PC00219","transfer/carrier protein","PC00219","transfer/carrier protein"
"71","P19105","Myosin regulatory light chain 12A;Myosin regulatory light chain 12B","MYL12A;MYL12B",6.84919402829813,3,0.035119772,42.0707515649219,2443,"PC00041","PC00041","actin or actin-binding cytoskeletal protein","PC00085","cytoskeletal protein"
"72","P14923","Junction plakoglobin","JUP",6.84858068023621,3,0.0042590769,22.2833781571073,500,NA,NA,"Unclassified",NA,"Unclassified"
"73","Q15645","Pachytene checkpoint protein 2 homolog","TRIP13",6.79158170070824,3,2.842042e-05,4.74106820589936,1395,"PC00077","PC00077","chromatin/chromatin-binding, or -regulatory protein","PC00077","chromatin/chromatin-binding, or -regulatory protein"
"74","Q15907","Ras-related protein Rab-11A;Ras-related protein Rab-11B","RAB11A;RAB11B",6.76942389883128,3,0.0003928128,10.2931274452089,1026,"PC00020","PC00020","G-protein","PC00095","protein-binding activity modulator"
"75","P55060","Exportin-2","CSE1L",6.74155380860485,3,0.0031134689,18.8278742599406,930,"PC00227","PC00227","transporter","PC00227","transporter"
"76","Q15084","Protein disulfide-isomerase A6","PDIA6",6.70865728707178,3,0.00033601097,9.41532337739058,1361,"PC00072","PC00072","chaperone","PC00072","chaperone"
"77","P35580","Myosin-10","MYH10",6.67742326877746,3,0.0090417117,24.8241761881875,721,"PC00041","PC00041","actin or actin-binding cytoskeletal protein","PC00085","cytoskeletal protein"
"78","Q99878","Histone H2A type 1-J;Histone H2A type 1-H;Histone H2A.J;Histone H2A type 2-C;Histone H2A type 2-A;Histone H2A type 1-D;Histone H2A type 1;Histone H2A type 1-C;Histone H2A type 3;Histone H2A type 1-B/E","HIST1H2AJ;HIST1H2AH;H2AFJ;HIST2H2AC;HIST2H2AA3;HIST1H2AD;HIST1H2AG;HIST1H2AC;HIST3H2A;HIST1H2AB",6.64859625712367,3,0.028703224,34.4522653099649,2495,"PC00077","PC00077","chromatin/chromatin-binding, or -regulatory protein","PC00077","chromatin/chromatin-binding, or -regulatory protein"
"79","P01889","HLA class I histocompatibility antigen, B-7 alpha chain","HLA-B",6.61338339330991,3,0.0026267353,16.3679255448617,320,"PC00149","PC00149","major histocompatibility complex protein","PC00090","defense/immunity protein"
"80","P35222","Catenin beta-1","CTNNB1",6.6126308246696,3,0.0040508993,18.6380905614045,707,NA,NA,"Unclassified",NA,"Unclassified"
"81","P54289","Voltage-dependent calcium channel subunit alpha-2/delta-1;Voltage-dependent calcium channel subunit alpha-2-1;Voltage-dependent calcium channel subunit delta-1","CACNA2D1",6.58118624719504,3,0.00035172573,8.73852835293902,920,"PC00133","PC00133","ion channel","PC00227","transporter"
"82","P19022","Cadherin-2","CDH2",6.57505456488579,3,0.0015896328,13.7023493805848,551,"PC00057","PC00057","cadherin","PC00069","cell adhesion molecule"
"83","P05141","ADP/ATP translocase 2;ADP/ATP translocase 2, N-terminally processed;ADP/ATP translocase 1","SLC25A5",6.57483846090656,3,0.00072199089,10.8030754361407,2821,"PC00219","PC00219","transfer/carrier protein","PC00219","transfer/carrier protein"
"84","P06756","Integrin alpha-V;Integrin alpha-V heavy chain;Integrin alpha-V light chain","ITGAV",6.55066550438175,3,0.003352731,16.8662137196191,369,"PC00126","PC00126","integrin","PC00069","cell adhesion molecule"
"85","Q00325","Phosphate carrier protein, mitochondrial","SLC25A3",6.54096045708477,3,0.00076366164,10.7321067910989,1109,"PC00258","PC00258","secondary carrier transporter","PC00227","transporter"
"86","O94925","Glutaminase kidney isoform, mitochondrial","GLS",6.53976832483329,3,0.00022603695,7.43301596729779,261,"PC00121","PC00121","hydrolase","PC00262","metabolite interconversion enzyme"
"87","Q14126","Desmoglein-2","DSG2",6.53585272206124,3,0.0030775068,16.2689779716339,1290,"PC00057","PC00057","cadherin","PC00069","cell adhesion molecule"
"88","O15127","Secretory carrier-associated membrane protein 2","SCAMP2",6.53021961662664,3,0.0001010619,5.7949934416952,91,"PC00219","PC00219","transfer/carrier protein","PC00219","transfer/carrier protein"
"89","P39656","Dolichyl-diphosphooligosaccharide--protein glycosyltransferase 48 kDa subunit","DDOST",6.49715575239685,3,0.0012184462,11.9833728489441,749,"PC00111","PC00262","transferase","PC00220","metabolite interconversion enzyme"
"90","P40926","Malate dehydrogenase, mitochondrial","MDH2",6.49254833637746,3,0.0027187343,15.2096498940881,761,"PC00262","PC00262","metabolite interconversion enzyme","PC00262","metabolite interconversion enzyme"
"91","P68366","Tubulin alpha-4A chain","TUBA4A",6.46690664282475,3,0.0018459427,13.2978843265103,1074,"PC00157","PC00157","microtubule or microtubule-binding cytoskeletal protein","PC00085","cytoskeletal protein"
"92","P06733","Alpha-enolase","ENO1",6.45854982061257,3,0.0054736189,18.3387626382111,365,"PC00144","PC00144","lyase","PC00262","metabolite interconversion enzyme"
"93","P45880","Voltage-dependent anion-selective channel protein 2","VDAC2",6.43499475182601,3,0.0002689503,7.28367603194511,795,"PC00133","PC00133","ion channel","PC00227","transporter"
"94","P43121","Cell surface glycoprotein MUC18","MCAM",6.41158153019701,3,0.0098118251,21.1609324211222,785,"PC00125","PC00125","immunoglobulin superfamily cell adhesion molecule","PC00069","cell adhesion molecule"
"95","P08238","Heat shock protein HSP 90-beta","HSP90AB1",6.38312531707753,3,4.9939772e-05,4.23268189494492,393,"PC00028","PC00028","Hsp90 family chaperone","PC00072","chaperone"
"96","O75165","DnaJ homolog subfamily C member 13","DNAJC13",6.3684433057979,3,0.007011483,18.5616523909628,194,"PC00072","PC00072","chaperone","PC00072","chaperone"
"97","O60664","Perilipin-3","PLIN3",6.33831168089705,3,6.518278e-05,4.44580407690087,174,"PC00226","PC00226","scaffold/adaptor protein","PC00226","scaffold/adaptor protein"
"98","O43707","Alpha-actinin-4","ACTN4",6.25106458700932,3,0.0050491635,15.5009421548951,144,"PC00041","PC00041","actin or actin-binding cytoskeletal protein","PC00085","cytoskeletal protein"
"99","P54709","Sodium/potassium-transporting ATPase subunit beta-3","ATP1B3",6.23909169601947,3,0.0055428352,15.8106379052338,923,"PC00068","PC00068","primary active transporter","PC00227","transporter"
"100","P62879","Guanine nucleotide-binding protein G(I)/G(S)/G(T) subunit beta-2","GNB2",6.20445716333158,3,0.0044662799,14.4640848167912,1043,"PC00020","PC00020","G-protein","PC00095","protein-binding activity modulator"
"101","P04083","Annexin A1","ANXA1",6.19954719126797,3,0.00038098733,6.87070259302635,332,"PC00060","PC00060","calcium-binding protein","PC00060","calcium-binding protein"
"102","P25705","ATP synthase subunit alpha, mitochondrial","ATP5A1",6.15994685689737,3,0.0013654109,9.81651065448687,608,"PC00068","PC00068","primary active transporter","PC00227","transporter"
"103","P38646","Stress-70 protein, mitochondrial","HSPA9",6.15514330052402,3,0.022787653,22.8297464718386,745,"PC00027","PC00027","Hsp70 family chaperone","PC00072","chaperone"
"104","P14314","Glucosidase 2 subunit beta","PRKCSH",6.14608950919756,3,0.0018306221,10.6198262849749,490,"PC00095","PC00095","protein-binding activity modulator","PC00095","protein-binding activity modulator"
"105","P51809","Vesicle-associated membrane protein 7","VAMP7",6.13596680399043,3,0.0073515652,16.0260451572841,887,"PC00034","PC00034","SNARE protein","PC00150","membrane traffic protein"
"106","P08754","Guanine nucleotide-binding protein G(k) subunit alpha","GNAI3",6.13456179138663,3,0.013680158,19.3016584040156,406,"PC00020","PC00020","G-protein","PC00095","protein-binding activity modulator"
"107","P23528","Cofilin-1","CFL1",6.13306734810818,3,0.0036767265,12.9827917885218,594,"PC00085","PC00085","cytoskeletal protein","PC00085","cytoskeletal protein"
"108","P04075","Fructose-bisphosphate aldolase A","ALDOA",6.12372796094977,3,0.0012125461,9.23701194438524,331,"PC00144","PC00144","lyase","PC00262","metabolite interconversion enzyme"
"109","P13797","Plastin-3","PLS3",6.11612741322085,3,0.0021872285,10.9740296181003,483,"PC00085","PC00085","cytoskeletal protein","PC00085","cytoskeletal protein"
"110","Q7Z7N9","Transmembrane protein 179B","TMEM179B",6.11195934477929,3,0.0038161625,12.9383903274812,1599,NA,NA,"Unclassified",NA,"Unclassified"
"111","P62873","Guanine nucleotide-binding protein G(I)/G(S)/G(T) subunit beta-1","GNB1",6.10151958878005,3,0.014644447,19.2554189295011,1042,"PC00020","PC00020","G-protein","PC00095","protein-binding activity modulator"
"112","P62979","Ubiquitin-40S ribosomal protein S27a;Ubiquitin;40S ribosomal protein S27a;Polyubiquitin-C;Ubiquitin;Polyubiquitin-B;Ubiquitin;Ubiquitin-60S ribosomal protein L40;Ubiquitin;60S ribosomal protein L40","RPS27A;UBC;UBB;UBA52",6.07994858700264,3,0.0013800821,9.31692295308348,1052,NA,NA,"Unclassified",NA,"Unclassified"
"113","P35232","Prohibitin","PHB",6.06392590229046,3,0.00064348505,7.3231499610708,708,NA,NA,"Unclassified",NA,"Unclassified"
"114","P26006","Integrin alpha-3;Integrin alpha-3 heavy chain;Integrin alpha-3 light chain","ITGA3",6.05118781600813,3,0.002599492,11.0507792321735,613,"PC00126","PC00126","integrin","PC00069","cell adhesion molecule"
"115","Q9BTU6","Phosphatidylinositol 4-kinase type 2-alpha","PI4K2A",6.04879979641225,3,0.00071730674,7.48760754318389,1980,"PC00137","PC00262","transferase","PC00220","metabolite interconversion enzyme"
"116","Q9NQC3","Reticulon-4","RTN4",6.00886547755345,3,0.027358193,21.7954168950051,2138,"PC00151","PC00151","membrane trafficking regulatory protein","PC00150","membrane traffic protein"
"117","P61019","Ras-related protein Rab-2A","RAB2A",6.00327928154188,3,0.0020969331,10.0203690905047,968,"PC00020","PC00020","G-protein","PC00095","protein-binding activity modulator"
"118","P49585","Choline-phosphate cytidylyltransferase A;Choline-phosphate cytidylyltransferase B","PCYT1A",5.99178377559601,3,0.0015990633,9.16191731070731,2553,"PC00220","PC00220","transferase","PC00262","metabolite interconversion enzyme"
"119","Q71DI3","Histone H3.2;Histone H3.1t;Histone H3.3;Histone H3.1;Histone H3;Histone H3.3C","HIST2H3A;HIST3H3;H3F3A;HIST1H3A;HIST2H3PS2;H3F3C",5.97652958860887,3,0.018375682,18.9060107074858,2581,"PC00077","PC00077","chromatin/chromatin-binding, or -regulatory protein","PC00077","chromatin/chromatin-binding, or -regulatory protein"
"120","P07339","Cathepsin D;Cathepsin D light chain;Cathepsin D heavy chain","CTSD",5.96204488962433,3,0.0042813513,12.0722754115357,376,"PC00260","PC00260","protein modifying enzyme","PC00260","protein modifying enzyme"
"121","O95573","Long-chain-fatty-acid--CoA ligase 3","ACSL3",5.96162437871598,3,0.0024636094,10.2190992975706,292,"PC00142","PC00142","ligase","PC00262","metabolite interconversion enzyme"
"122","P31327","Carbamoyl-phosphate synthase [ammonia], mitochondrial","CPS1",5.95003060628019,3,0.0084481686,14.6903125639605,674,"PC00142","PC00142","ligase","PC00262","metabolite interconversion enzyme"
"123","P61421","V-type proton ATPase subunit d 1","ATP6V0D1",5.93671244369346,3,0.0008313143,7.24244928790131,987,"PC00068","PC00068","primary active transporter","PC00227","transporter"
"124","P05026","Sodium/potassium-transporting ATPase subunit beta-1","ATP1B1",5.91861956339848,3,0.026013512,20.1655186227585,349,"PC00068","PC00068","primary active transporter","PC00227","transporter"
"125","P00338","L-lactate dehydrogenase A chain","LDHA",5.91223095325342,3,0.0043012323,11.6788296109239,307,"PC00262","PC00262","metabolite interconversion enzyme","PC00262","metabolite interconversion enzyme"
"126","Q8IVF2","Protein AHNAK2","AHNAK2",5.89486642128249,3,0.00060045248,6.37906528594116,1629,NA,NA,"Unclassified",NA,"Unclassified"
"127","P31025","Lipocalin-1","LCN1",5.87830546263004,3,0.0054114293,12.2237696273357,671,"PC00219","PC00219","transfer/carrier protein","PC00219","transfer/carrier protein"
"128","P30040","Endoplasmic reticulum resident protein 29","ERP29",5.87522728879359,3,0.0019605695,8.98556691718081,652,"PC00150","PC00150","membrane traffic protein","PC00150","membrane traffic protein"
"129","P04843","Dolichyl-diphosphooligosaccharide--protein glycosyltransferase subunit 1","RPN1",5.85045206411549,3,0.0044806292,11.3277632875428,343,"PC00111","PC00262","transferase","PC00220","metabolite interconversion enzyme"
"130","P78344","Eukaryotic translation initiation factor 4 gamma 2","EIF4G2",5.82789012118076,3,0.00048305021,5.70363834674509,1083,"PC00223","PC00223","translation factor","PC00263","translational protein"
"131","P06753","Tropomyosin alpha-3 chain","TPM3",5.79994017732765,3,0.0016328425,8.0717665320658,368,"PC00085","PC00085","cytoskeletal protein","PC00085","cytoskeletal protein"
"132","Q9Y653","G-protein coupled receptor 56;GPR56 N-terminal fragment;GPR56 C-terminal fragment","GPR56",5.7963845326542,3,0.0031361554,9.80000189313903,2417,"PC00021","PC00021","G-protein coupled receptor","PC00197","transmembrane signal receptor"
"133","O75947","ATP synthase subunit d, mitochondrial","ATP5H",5.74096703710323,3,0.0039466955,10.106423552293,243,"PC00068","PC00068","primary active transporter","PC00227","transporter"
"134","P13639","Elongation factor 2","EEF2",5.71809657891971,3,0.028870065,18.1078626941961,480,"PC00222","PC00263","translation factor","PC00223","translational protein"
"135","Q7Z3C6","Autophagy-related protein 9A","ATG9A",5.6775629997777,3,0.0055854595,10.7377652743591,1586,"PC00151","PC00151","membrane trafficking regulatory protein","PC00150","membrane traffic protein"
"136","P13010","X-ray repair cross-complementing protein 5","XRCC5",5.65641121317298,3,0.00090756465,6.12321291539542,476,"PC00011","PC00011","DNA helicase","PC00009","DNA metabolism protein"
"137","O15427","Monocarboxylate transporter 4","SLC16A3",5.65159816241577,3,0.0089599667,12.1585954244786,110,"PC00227","PC00227","transporter","PC00227","transporter"
"138","P24821","Tenascin","TNC",5.63622979362703,3,0.0020896092,7.76128114070157,601,"PC00102","PC00102","extracellular matrix protein","PC00102","extracellular matrix protein"
"139","Q16890","Tumor protein D53","TPD52L1",5.63608874213463,3,0.010534329,12.6292371410352,1435,"PC00151","PC00151","membrane trafficking regulatory protein","PC00150","membrane traffic protein"
"140","P61289","Proteasome activator complex subunit 3","PSME3",5.63566239548436,3,8.5725776e-05,2.96652427066888,983,NA,NA,"Unclassified",NA,"Unclassified"
"141","P31153","S-adenosylmethionine synthase isoform type-2","MAT2A",5.62838662296762,3,0.00037435896,4.6001306148944,673,"PC00174","PC00262","transferase","PC00220","metabolite interconversion enzyme"
"142","P51659","Peroxisomal multifunctional enzyme type 2;(3R)-hydroxyacyl-CoA dehydrogenase;Enoyl-CoA hydratase 2","HSD17B4",5.61055683644739,3,0.0069424366,10.9440043316577,884,NA,NA,"Unclassified",NA,"Unclassified"
"143","P60709","Actin, cytoplasmic 1;Actin, cytoplasmic 1, N-terminally processed","ACTB",5.60979980120463,3,0.00023388394,3.94165152604617,960,"PC00041","PC00041","actin or actin-binding cytoskeletal protein","PC00085","cytoskeletal protein"
"144","Q07065","Cytoskeleton-associated protein 4","CKAP4",5.60467895531579,3,0.0055130501,10.16875290207,1167,"PC00151","PC00151","membrane trafficking regulatory protein","PC00150","membrane traffic protein"
"145","Q93050","V-type proton ATPase 116 kDa subunit a isoform 1","ATP6V0A1",5.59817453637666,3,0.005966878,10.3669643184598,1808,"PC00068","PC00068","primary active transporter","PC00227","transporter"
"146","Q8WV19","Vesicle transport protein SFT2A","SFT2D1",5.59090868151296,3,0.010766808,12.3205576383401,2655,"PC00151","PC00151","membrane trafficking regulatory protein","PC00150","membrane traffic protein"
"147","P11233","Ras-related protein Ral-A","RALA",5.59065097792695,3,0.0012496532,6.44169599334255,454,"PC00020","PC00020","G-protein","PC00095","protein-binding activity modulator"
"148","P55809","Succinyl-CoA:3-ketoacid coenzyme A transferase 1, mitochondrial","OXCT1",5.57022745671656,3,0.013537794,13.0120411475468,941,"PC00220","PC00220","transferase","PC00262","metabolite interconversion enzyme"
"149","P50897","Palmitoyl-protein thioesterase 1","PPT1",5.56381767602271,3,0.0047751945,9.46635322454994,866,"PC00260","PC00260","protein modifying enzyme","PC00260","protein modifying enzyme"
"150","P63027","Vesicle-associated membrane protein 2","VAMP2",5.55197047489388,3,0.007332861,10.6829926996588,1056,"PC00150","PC00150","membrane traffic protein","PC00150","membrane traffic protein"
"151","P49411","Elongation factor Tu, mitochondrial","TUFM",5.51539360851743,3,0.002429923,7.46936743379454,841,"PC00263","PC00263","translational protein","PC00263","translational protein"
"152","Q9UBR2","Cathepsin Z","CTSZ",5.50563154373856,3,0.012200824,12.0588525292454,2242,"PC00260","PC00260","protein modifying enzyme","PC00260","protein modifying enzyme"
"153","Q8NCG7","Sn1-specific diacylglycerol lipase beta","DAGLB",5.50224054521435,3,0.019334598,13.8189457935453,1683,"PC00143","PC00262","hydrolase","PC00121","metabolite interconversion enzyme"
"154","P61020","Ras-related protein Rab-5B","RAB5B",5.47226440380377,3,0.00013019756,3.00396334312612,969,"PC00020","PC00020","G-protein","PC00095","protein-binding activity modulator"
"155","O15173","Membrane-associated progesterone receptor component 2","PGRMC2",5.45187693148549,3,0.00077098492,5.05924740813329,95,"PC00197","PC00197","transmembrane signal receptor","PC00197","transmembrane signal receptor"
"156","P53985","Monocarboxylate transporter 1","SLC16A1",5.45119078158614,3,0.028106799,14.9285505616316,914,"PC00227","PC00227","transporter","PC00227","transporter"
"157","Q4KMQ2","Anoctamin-6","ANO6",5.40977839569451,3,0.024106571,13.8509573132763,1455,"PC00133","PC00133","ion channel","PC00227","transporter"
"158","Q96S97","Myeloid-associated differentiation marker","MYADM",5.39494083885783,3,0.0010446897,5.32923427577213,1910,NA,NA,"Unclassified",NA,"Unclassified"
"159","Q9Y490","Talin-1","TLN1",5.38681517567379,3,0.040046863,15.8826934149824,2389,"PC00041","PC00041","actin or actin-binding cytoskeletal protein","PC00085","cytoskeletal protein"
"160","Q01082","Spectrin beta chain, non-erythrocytic 1","SPTBN1",5.38268536983706,3,0.0042862212,8.08226673212051,1117,"PC00041","PC00041","actin or actin-binding cytoskeletal protein","PC00085","cytoskeletal protein"
"161","O43852","Calumenin","CALU",5.37623923309206,3,0.0017849327,6.18108864892692,152,"PC00061","PC00061","calmodulin-related","PC00060","calcium-binding protein"
"162","O00469","Procollagen-lysine,2-oxoglutarate 5-dioxygenase 2","PLOD2",5.36628876684999,3,0.0075741117,9.48481974177046,37,"PC00260","PC00260","protein modifying enzyme","PC00260","protein modifying enzyme"
"163","Q9NZN4","EH domain-containing protein 2","EHD2",5.35388748808032,3,0.013410013,11.1681377410363,2214,"PC00150","PC00150","membrane traffic protein","PC00150","membrane traffic protein"
"164","P06576","ATP synthase subunit beta, mitochondrial","ATP5B",5.3380638676559,3,0.0031751613,7.15935488818155,363,"PC00068","PC00068","primary active transporter","PC00227","transporter"
"165","Q96BM9","ADP-ribosylation factor-like protein 8B;ADP-ribosylation factor-like protein 8A","ARL8B;ARL8A",5.33170523245404,3,0.012947342,10.8821055600149,3199,"PC00151","PC00151","membrane trafficking regulatory protein","PC00150","membrane traffic protein"
"166","Q9UL25","Ras-related protein Rab-21","RAB21",5.32958869105453,3,0.00024020331,3.27198851844229,2297,"PC00020","PC00020","G-protein","PC00095","protein-binding activity modulator"
"167","P34897","Serine hydroxymethyltransferase, mitochondrial","SHMT2",5.32754010305299,3,0.0060255392,8.61909276684759,702,"PC00262","PC00262","metabolite interconversion enzyme","PC00262","metabolite interconversion enzyme"
"168","Q9NYL9","Tropomodulin-3","TMOD3",5.324879840299,3,0.010126199,10.0583815035526,2202,"PC00041","PC00041","actin or actin-binding cytoskeletal protein","PC00085","cytoskeletal protein"
"169","Q8IWB7","WD repeat and FYVE domain-containing protein 1","WDFY1",5.31800732000875,3,0.011372195,10.3664615365592,1634,"PC00151","PC00151","membrane trafficking regulatory protein","PC00150","membrane traffic protein"
"170","P01111","GTPase NRas;GTPase HRas;GTPase HRas, N-terminally processed","NRAS",5.3015443148099,3,0.0035682935,7.23004679763468,3418,"PC00020","PC00020","G-protein","PC00095","protein-binding activity modulator"
"171","O00161","Synaptosomal-associated protein 23","SNAP23",5.27813211020438,3,0.0020683813,6.03671120497379,24,"PC00034","PC00034","SNARE protein","PC00150","membrane traffic protein"
"172","Q00341","Vigilin","HDLBP",5.25021868344166,3,0.0095650926,9.38858651015215,1110,"PC00031","PC00031","RNA metabolism protein","PC00031","RNA metabolism protein"
"173","Q6NZI2","Polymerase I and transcript release factor","PTRF",5.24208275376954,3,0.00085621898,4.51481701409633,1520,"PC00150","PC00150","membrane traffic protein","PC00150","membrane traffic protein"
"174","Q13162","Peroxiredoxin-4","PRDX4",5.21590806242876,3,0.0038117552,6.95009685671968,1232,"PC00176","PC00176","oxidoreductase","PC00262","metabolite interconversion enzyme"
"175","P18206","Vinculin","VCL",5.21009801704625,3,0.002264271,5.91765877717912,544,"PC00041","PC00041","actin or actin-binding cytoskeletal protein","PC00085","cytoskeletal protein"
"176","P37802","Transgelin-2","TAGLN2",5.20628051835349,3,0.012107782,9.7766829931276,740,NA,NA,"Unclassified",NA,"Unclassified"
"177","Q13813","Spectrin alpha chain, non-erythrocytic 1","SPTAN1",5.19982640760519,3,0.003312734,6.5887878298312,1279,"PC00041","PC00041","actin or actin-binding cytoskeletal protein","PC00085","cytoskeletal protein"
"178","P07900","Heat shock protein HSP 90-alpha","HSP90AA1",5.18395846330451,3,0.0011527357,4.74263267278343,384,"PC00028","PC00028","Hsp90 family chaperone","PC00072","chaperone"
"179","P22234","Multifunctional protein ADE2;Phosphoribosylaminoimidazole-succinocarboxamide synthase;Phosphoribosylaminoimidazole carboxylase","PAICS",5.1819012655636,3,0.0018610441,5.4704435801412,580,NA,NA,"Unclassified",NA,"Unclassified"
"180","Q13641","Trophoblast glycoprotein","TPBG",5.17382049277176,3,0.00073058746,4.10531450284443,1275,NA,NA,"Unclassified",NA,"Unclassified"
"181","O00220","Tumor necrosis factor receptor superfamily member 10A","TNFRSF10A",5.15082798799775,3,0.002215853,5.64263483598841,3370,"PC00197","PC00197","transmembrane signal receptor","PC00197","transmembrane signal receptor"
"182","P15291","Beta-1,4-galactosyltransferase 1;Lactose synthase A protein;N-acetyllactosamine synthase;Beta-N-acetylglucosaminylglycopeptide beta-1,4-galactosyltransferase;Beta-N-acetylglucosaminyl-glycolipid beta-1,4-galactosyltransferase;Processed beta-1,4-galactosyltransferase 1","B4GALT1",5.13347830486909,3,0.0042376011,6.77677241864103,504,"PC00220","PC00220","transferase","PC00262","metabolite interconversion enzyme"
"183","Q9UJZ1","Stomatin-like protein 2, mitochondrial","STOML2",5.11879810373055,3,0.0052385461,7.15032574044039,2281,"PC00227","PC00227","transporter","PC00227","transporter"
"184","P04792","Heat shock protein beta-1","HSPB1",5.11457814863497,3,0.00016177564,2.50271018592979,341,"PC00072","PC00072","chaperone","PC00072","chaperone"
"185","Q8N6T3","ADP-ribosylation factor GTPase-activating protein 1","ARFGAP1",5.11050740502049,3,0.0027336017,5.84516016985137,1667,"PC00257","PC00095","G-protein modulator","PC00022","protein-binding activity modulator"
"186","P62491;Q15907","Ras-related protein Rab-11A;Ras-related protein Rab-11B","RAB11A",5.1095124750507,3,0.0052185189,7.09626385522973,2570,"PC00208","PC00095","G-protein","PC00020","protein-binding activity modulator"
"187","P68431","Histone H3.1;Histone H3.3;Histone H3.2;Histone H3.1t;Histone H3.3C;Histone H3","HIST2H3PS2",5.10350481957253,3,0.0049981847,6.97559879843263,3001,"PC00077","PC00077","chromatin/chromatin-binding, or -regulatory protein","PC00077","chromatin/chromatin-binding, or -regulatory protein"
"188","O75367","Core histone macro-H2A.1","H2AFY",5.0991664012248,3,0.013170775,9.30997816191303,204,"PC00077","PC00077","chromatin/chromatin-binding, or -regulatory protein","PC00077","chromatin/chromatin-binding, or -regulatory protein"
"189","P15328","Folate receptor alpha","FOLR1",5.09561653314971,3,0.012077647,9.04799986210804,506,"PC00151","PC00151","membrane trafficking regulatory protein","PC00150","membrane traffic protein"
"190","Q13740","CD166 antigen","ALCAM",5.0849968718368,3,0.0028006868,5.78477683739296,1277,"PC00125","PC00125","immunoglobulin superfamily cell adhesion molecule","PC00069","cell adhesion molecule"
"191","P13667","Protein disulfide-isomerase A4","PDIA4",5.08183819066087,3,0.0044754776,6.64688097264344,481,"PC00072","PC00072","chaperone","PC00072","chaperone"
"192","P16615","Sarcoplasmic/endoplasmic reticulum calcium ATPase 2","ATP2A2",5.06703256984863,3,0.0067499462,7.44531543919144,519,"PC00068","PC00068","primary active transporter","PC00227","transporter"
"193","Q96AG4","Leucine-rich repeat-containing protein 59","LRRC59",5.06446108631366,3,0.0061345221,7.22121625608321,1827,"PC00226","PC00226","scaffold/adaptor protein","PC00226","scaffold/adaptor protein"
"194","Q96AC1","Fermitin family homolog 2","FERMT2",5.04290325171959,3,0.0078173336,7.65266258093582,1825,NA,NA,"Unclassified",NA,"Unclassified"
"195","Q58FF8","Putative heat shock protein HSP 90-beta 2","HSP90AB2P",5.03868507366462,3,0.0041436777,6.30314100887181,1466,"PC00028","PC00028","Hsp90 family chaperone","PC00072","chaperone"
"196","P29992","Guanine nucleotide-binding protein subunit alpha-11;Guanine nucleotide-binding protein subunit alpha-14","GNA11;GNA14",5.03519352682495,3,0.008270422,7.74207993118067,3458,"PC00020","PC00020","G-protein","PC00095","protein-binding activity modulator"
"197","O43175","D-3-phosphoglycerate dehydrogenase","PHGDH",5.00284444444479,3,0.00071426615,3.62179423377062,120,"PC00262","PC00262","metabolite interconversion enzyme","PC00262","metabolite interconversion enzyme"
"198","P07099","Epoxide hydrolase 1","EPHX1",4.99462908014008,3,0.0086873211,7.63969481323011,372,"PC00121","PC00121","hydrolase","PC00262","metabolite interconversion enzyme"
"199","Q9UP95","Solute carrier family 12 member 4","SLC12A4",4.98964474211793,3,0.0013600255,4.35656723888802,2325,"PC00258","PC00258","secondary carrier transporter","PC00227","transporter"
"200","P22695","Cytochrome b-c1 complex subunit 2, mitochondrial","UQCRC2",4.98612155665356,3,0.003033269,5.53288715800566,584,"PC00190","PC00190","protease","PC00260","protein modifying enzyme"
"201","O00264","Membrane-associated progesterone receptor component 1","PGRMC1",4.98367821464392,3,0.0092525017,7.72715563361254,28,"PC00197","PC00197","transmembrane signal receptor","PC00197","transmembrane signal receptor"
"202","O43491","Band 4.1-like protein 2","EPB41L2",4.98073105362728,3,0.0054394333,6.57178278015562,135,"PC00165","PC00085","actin or actin-binding cytoskeletal protein","PC00041","cytoskeletal protein"
"203","P41091","Eukaryotic translation initiation factor 2 subunit 3;Putative eukaryotic translation initiation factor 2 subunit 3-like protein","EIF2S3;EIF2S3L",4.98071226159755,3,0.0077855084,7.3207900466304,765,"PC00223","PC00223","translation factor","PC00263","translational protein"
"204","O14929","Histone acetyltransferase type B catalytic subunit","HAT1",4.97140463187841,3,0.0012163796,4.15968364404347,73,"PC00261","PC00261","histone modifying enzyme","PC00077","chromatin/chromatin-binding, or -regulatory protein"
"205","Q9Y2T3","Guanine deaminase","GDA",4.96457181255619,3,0.002705144,5.26619969933852,2742,"PC00121","PC00121","hydrolase","PC00262","metabolite interconversion enzyme"
"206","P0DI83","Ras-related protein Rab-34, isoform NARR","RAB34",4.95631891147611,3,0.001526174,4.40738496046649,431,"PC00208","PC00095","G-protein","PC00020","protein-binding activity modulator"
"207","P61011","Signal recognition particle 54 kDa protein","SRP54",4.9551099619506,3,0.005671856,6.53793598934313,967,"PC00031","PC00031","RNA metabolism protein","PC00031","RNA metabolism protein"
"208","Q99623","Prohibitin-2","PHB2",4.94838035093191,3,0.011401631,8.02970714184651,1934,NA,NA,"Unclassified",NA,"Unclassified"
"209","Q3ZCM7","Tubulin beta-8 chain","TUBB8",4.93783887578518,3,0.0089877797,7.42037068052919,1452,"PC00157","PC00157","microtubule or microtubule-binding cytoskeletal protein","PC00085","cytoskeletal protein"
"210","Q9NVU7","Protein SDA1 homolog","SDAD1",4.93722162576419,3,0.0054090247,6.36579472906807,3658,NA,NA,"Unclassified",NA,"Unclassified"
"211","Q9BZZ5","Apoptosis inhibitor 5","API5",4.88426631633267,3,0.0083141681,6.98415314742308,2028,NA,NA,"Unclassified",NA,"Unclassified"
"212","Q13263","Transcription intermediary factor 1-beta","TRIM28",4.85554411326475,3,0.047148168,11.5435006134295,1239,"PC00234","PC00234","ubiquitin-protein ligase","PC00260","protein modifying enzyme"
"213","P11234","Ras-related protein Ral-B","RALB",4.85357832553516,3,0.00038145276,2.70385729890123,455,"PC00020","PC00020","G-protein","PC00095","protein-binding activity modulator"
"214","P42892","Endothelin-converting enzyme 1","ECE1",4.85274518710142,3,0.0023013928,4.64196574776416,784,"PC00190","PC00190","protease","PC00260","protein modifying enzyme"
"215","P06730","Eukaryotic translation initiation factor 4E","EIF4E",4.82731006572406,3,0.005198516,5.82876204567866,2492,"PC00223","PC00223","translation factor","PC00263","translational protein"
"216","Q9BSJ8","Extended synaptotagmin-1","ESYT1",4.82031128938655,3,0.010887235,7.24622125072312,1972,"PC00151","PC00151","membrane trafficking regulatory protein","PC00150","membrane traffic protein"
"217","P00387","NADH-cytochrome b5 reductase 3;NADH-cytochrome b5 reductase 3 membrane-bound form;NADH-cytochrome b5 reductase 3 soluble form","CYB5R3",4.82019783788938,3,0.0052230484,5.80832409630548,309,"PC00176","PC00176","oxidoreductase","PC00262","metabolite interconversion enzyme"
"218","P07954","Fumarate hydratase, mitochondrial","FH",4.81798285683483,3,0.0096872468,6.98462756169855,386,"PC00144","PC00144","lyase","PC00262","metabolite interconversion enzyme"
"219","O60716","Catenin delta-1","CTNND1",4.80701619683757,3,0.0062862895,6.08564694167652,178,"PC00129","PC00129","intermediate filament","PC00085","cytoskeletal protein"
"220","P63104","14-3-3 protein zeta/delta","YWHAZ",4.79791450880478,3,0.0097617554,6.90404778344639,1059,"PC00226","PC00226","scaffold/adaptor protein","PC00226","scaffold/adaptor protein"
"221","P68363","Tubulin alpha-1B chain","TUBA1B",4.77106667322015,3,0.00025835951,2.27094254211855,1073,"PC00157","PC00157","microtubule or microtubule-binding cytoskeletal protein","PC00085","cytoskeletal protein"
"222","P49006","MARCKS-related protein","MARCKSL1",4.75736048457182,3,0.0073682405,6.16766401359839,832,NA,NA,"Unclassified",NA,"Unclassified"
"223","P55290","Cadherin-13","CDH13",4.74685078098429,3,0.0020863602,4.18793811636071,937,"PC00057","PC00057","cadherin","PC00069","cell adhesion molecule"
"224","P30041","Peroxiredoxin-6","PRDX6",4.73443690034655,3,0.0035506377,4.87277369220643,653,"PC00176","PC00176","oxidoreductase","PC00262","metabolite interconversion enzyme"
"225","Q8WYA6","Beta-catenin-like protein 1","CTNNBL1",4.73352203041397,3,0.0012455721,3.55263849600554,1757,NA,NA,"Unclassified",NA,"Unclassified"
"226","P08962","CD63 antigen","CD63",4.73301545111796,3,0.027861867,9.05067652978234,409,"PC00226","PC00226","scaffold/adaptor protein","PC00226","scaffold/adaptor protein"
"227","P27105","Erythrocyte band 7 integral membrane protein","STOM",4.69820398023211,3,0.033712059,9.3566317966944,625,"PC00085","PC00085","cytoskeletal protein","PC00085","cytoskeletal protein"
"228","O75390","Citrate synthase, mitochondrial","CS",4.69567792183179,3,0.013660152,7.11632998947581,207,"PC00220","PC00220","transferase","PC00262","metabolite interconversion enzyme"
"229","P26641","Elongation factor 1-gamma","EEF1G",4.69129606793524,3,0.0010524847,3.27958191738448,623,NA,NA,"Unclassified",NA,"Unclassified"
"230","P31040","Succinate dehydrogenase [ubiquinone] flavoprotein subunit, mitochondrial","SDHA",4.67331457277671,3,0.02632001,8.53623936951091,672,"PC00176","PC00176","oxidoreductase","PC00262","metabolite interconversion enzyme"
"231","P78371","T-complex protein 1 subunit beta","CCT2",4.67309874532636,3,0.019027708,7.74081390356953,1086,"PC00073","PC00073","chaperonin","PC00072","chaperone"
"232","Q9H4G4","Golgi-associated plant pathogenesis-related protein 1","GLIPR2",4.67152919243343,3,0.0029629366,4.41756559442434,2071,"PC00090","PC00090","defense/immunity protein","PC00090","defense/immunity protein"
"233","P61604","10 kDa heat shock protein, mitochondrial","HSPE1",4.66931148581581,3,0.042033881,9.80087812191156,990,"PC00073","PC00073","chaperonin","PC00072","chaperone"
"234","P21796","Voltage-dependent anion-selective channel protein 1","VDAC1",4.66606551303649,3,0.015384836,7.22580545812726,574,"PC00133","PC00133","ion channel","PC00227","transporter"
"235","P40227","T-complex protein 1 subunit zeta","CCT6A",4.65337965359653,3,0.0046988213,5.01193817270922,755,"PC00073","PC00073","chaperonin","PC00072","chaperone"
"236","P55072","Transitional endoplasmic reticulum ATPase","VCP",4.64176850198737,3,0.01040222,6.31548961743682,931,"PC00068","PC00068","primary active transporter","PC00227","transporter"
"237","Q92974","Rho guanine nucleotide exchange factor 2","ARHGEF2",4.63622989228012,3,0.0017332847,3.66826991489098,1801,"PC00095","PC00095","protein-binding activity modulator","PC00095","protein-binding activity modulator"
"238","O43169","Cytochrome b5 type B","CYB5B",4.62160881275544,3,0.0030468539,4.30335089982,118,"PC00176","PC00176","oxidoreductase","PC00262","metabolite interconversion enzyme"
"239","P62805","Histone H4","HIST1H4A",4.60122905720353,3,0.0012157722,3.21781475783866,1032,"PC00077","PC00077","chromatin/chromatin-binding, or -regulatory protein","PC00077","chromatin/chromatin-binding, or -regulatory protein"
"240","P60842","Eukaryotic initiation factor 4A-I;Eukaryotic initiation factor 4A-II;Eukaryotic initiation factor 4A-II, N-terminally processed","EIF4A1",4.58854982696801,3,0.00038661953,2.25923395486609,3488,"PC00032","PC00032","RNA helicase","PC00031","RNA metabolism protein"
"241","O43657","Tetraspanin-6","TSPAN6",4.5774059822889,3,0.011068789,6.15392195650373,2454,"PC00226","PC00226","scaffold/adaptor protein","PC00226","scaffold/adaptor protein"
"242","Q99755","Phosphatidylinositol 4-phosphate 5-kinase type-1 alpha;Putative PIP5K1A and PSMD4-like protein","PIP5K1A;PIPSL",4.56681043133428,3,0.0022603821,3.78683404553303,3617,"PC00137","PC00262","transferase","PC00220","metabolite interconversion enzyme"
"243","Q14204","Cytoplasmic dynein 1 heavy chain 1","DYNC1H1",4.55782803445907,3,0.031218871,8.29501865092536,1300,"PC00157","PC00157","microtubule or microtubule-binding cytoskeletal protein","PC00085","cytoskeletal protein"
"244","P61803","Dolichyl-diphosphooligosaccharide--protein glycosyltransferase subunit DAD1","DAD1",4.55730047296348,3,0.0014936448,3.3208389024768,2922,"PC00111","PC00262","transferase","PC00220","metabolite interconversion enzyme"
"245","Q8NBN3","Transmembrane protein 87A","TMEM87A",4.55638184880203,3,0.0037679181,4.3847159654217,2646,"PC00021","PC00021","G-protein coupled receptor","PC00197","transmembrane signal receptor"
"246","Q9NVJ2","ADP-ribosylation factor-like protein 8B","ARL8B",4.55167526399459,3,0.0041637006,4.50383720770274,2177,NA,NA,"Unclassified",NA,"Unclassified"
"247","P00533","Epidermal growth factor receptor","EGFR",4.54594817353226,3,0.027279649,7.89964045642398,313,"PC00197","PC00197","transmembrane signal receptor","PC00197","transmembrane signal receptor"
"248","Q13393","Phospholipase D1","PLD1",4.54070901250112,3,0.0068281707,5.18740620298669,1249,"PC00186","PC00262","hydrolase","PC00121","metabolite interconversion enzyme"
"249","O14745","Na(+)/H(+) exchange regulatory cofactor NHE-RF1","SLC9A3R1",4.53542033046356,3,0.0063043432,5.04572042337739,66,"PC00226","PC00226","scaffold/adaptor protein","PC00226","scaffold/adaptor protein"
"250","P09493","Tropomyosin alpha-1 chain","TPM1",4.53267293722211,3,0.026870804,7.79178341467685,416,"PC00085","PC00085","cytoskeletal protein","PC00085","cytoskeletal protein"
"251","Q13838","Spliceosome RNA helicase DDX39B","DDX39B",4.52685268244214,3,0.0099929413,5.76190580690951,1280,"PC00032","PC00032","RNA helicase","PC00031","RNA metabolism protein"
"252","Q15582","Transforming growth factor-beta-induced protein ig-h3","TGFBI",4.51981003532388,3,0.0054364614,4.77376090958051,1391,"PC00069","PC00069","cell adhesion molecule","PC00069","cell adhesion molecule"
"253","Q99714","3-hydroxyacyl-CoA dehydrogenase type-2","HSD17B10",4.5187966902619,3,0.030067172,7.98276887576057,1938,"PC00176","PC00176","oxidoreductase","PC00262","metabolite interconversion enzyme"
"254","Q86W92","Liprin-beta-1","PPFIBP1",4.51455445924742,3,0.01103556,5.88624995321014,1617,"PC00226","PC00226","scaffold/adaptor protein","PC00226","scaffold/adaptor protein"
"255","P27816","Microtubule-associated protein 4","MAP4",4.50686357230719,3,0.002659404,3.81490728249964,632,"PC00085","PC00085","cytoskeletal protein","PC00085","cytoskeletal protein"
"256","Q15942","Zyxin","ZYX",4.50586719706137,3,0.021828284,7.18449549999062,1409,"PC00041","PC00041","actin or actin-binding cytoskeletal protein","PC00085","cytoskeletal protein"
"257","P55084","Trifunctional enzyme subunit beta, mitochondrial;3-ketoacyl-CoA thiolase","HADHB",4.50177926325413,3,0.013552919,6.20663856277454,933,"PC00042","PC00262","transferase","PC00220","metabolite interconversion enzyme"
"258","Q6UVK1","Chondroitin sulfate proteoglycan 4","CSPG4",4.49554718073142,3,0.0014706745,3.16688318105352,1546,"PC00069","PC00069","cell adhesion molecule","PC00069","cell adhesion molecule"
"259","P21127","Cyclin-dependent kinase 11B;Cyclin-dependent kinase 11A","CDK11B;CDK11A",4.47462508917806,3,0.0012955783,3.00442477884598,3448,"PC00167","PC00167","non-receptor serine/threonine protein kinase","PC00260","protein modifying enzyme"
"260","P05089","Arginase-1","ARG1",4.47445930175879,3,0.0068526608,4.95992601406983,2487,"PC00121","PC00121","hydrolase","PC00262","metabolite interconversion enzyme"
"261","P51572","B-cell receptor-associated protein 31","BCAP31",4.46349974309944,3,0.0073982892,5.03723161936635,881,"PC00150","PC00150","membrane traffic protein","PC00150","membrane traffic protein"
"262","P62701","40S ribosomal protein S4, X isoform","RPS4X",4.46178719793962,3,0.0011708323,2.88842291806577,1028,"PC00202","PC00202","ribosomal protein","PC00263","translational protein"
"263","P17987","T-complex protein 1 subunit alpha","TCP1",4.45319827104437,3,0.027026428,7.38699168636643,537,"PC00073","PC00073","chaperonin","PC00072","chaperone"
"264","P32970","CD70 antigen","CD70",4.45278098189711,3,0.0034015155,3.95712725158543,691,NA,NA,"Unclassified",NA,"Unclassified"
"265","P20020","Plasma membrane calcium-transporting ATPase 1","ATP2B1",4.44303088088152,3,0.020025549,6.70210998957915,561,"PC00068","PC00068","primary active transporter","PC00227","transporter"
"266","Q9NR31","GTP-binding protein SAR1a;GTP-binding protein SAR1b","SAR1A;SAR1B",4.4372623902074,3,0.042746868,8.38706889545056,3349,"PC00151","PC00151","membrane trafficking regulatory protein","PC00150","membrane traffic protein"
"267","P14618","Pyruvate kinase PKM","PKM",4.42006252063065,3,0.0016548969,3.11413934694562,493,"PC00137","PC00262","transferase","PC00220","metabolite interconversion enzyme"
"268","Q9UPY5","Cystine/glutamate transporter","SLC7A11",4.41767393115947,3,0.014215865,5.93993519909782,3361,"PC00227","PC00227","transporter","PC00227","transporter"
"269","Q86UP2","Kinectin","KTN1",4.40891554628207,3,0.016695006,6.19670881834799,1609,NA,NA,"Unclassified",NA,"Unclassified"
"270","O00299","Chloride intracellular channel protein 1","CLIC1",4.39946063039725,3,0.046057764,8.35571641068017,30,"PC00133","PC00133","ion channel","PC00227","transporter"
"271","P32004","Neural cell adhesion molecule L1","L1CAM",4.38816654135181,3,0.0085189017,4.98830688446373,686,"PC00125","PC00125","immunoglobulin superfamily cell adhesion molecule","PC00069","cell adhesion molecule"
"272","P68371","Tubulin beta-4B chain","TUBB4B",4.38753278179225,3,0.00048070427,2.09857623314391,1075,"PC00157","PC00157","microtubule or microtubule-binding cytoskeletal protein","PC00085","cytoskeletal protein"
"273","P52209","6-phosphogluconate dehydrogenase, decarboxylating","PGD",4.37995316921798,3,0.0080968179,4.88469213039535,891,"PC00176","PC00176","oxidoreductase","PC00262","metabolite interconversion enzyme"
"274","P53396","ATP-citrate synthase","ACLY",4.36378701731661,3,0.0070343255,4.62999162520741,908,"PC00220","PC00220","transferase","PC00262","metabolite interconversion enzyme"
"275","P48960","CD97 antigen;CD97 antigen subunit alpha;CD97 antigen subunit beta","CD97",4.33851449965982,3,0.0077137267,4.67763324935121,830,"PC00021","PC00021","G-protein coupled receptor","PC00197","transmembrane signal receptor"
"276","Q13425","Beta-2-syntrophin","SNTB2",4.33727270191487,3,0.0041720006,3.88419896167715,1255,"PC00226","PC00226","scaffold/adaptor protein","PC00226","scaffold/adaptor protein"
"277","Q05682","Caldesmon","CALD1",4.32250619818261,3,0.020158289,6.17722897775594,1159,"PC00085","PC00085","cytoskeletal protein","PC00085","cytoskeletal protein"
"278","P07437","Tubulin beta chain","TUBB",4.32145295470549,3,0.0010536653,2.53881566353445,379,"PC00157","PC00157","microtubule or microtubule-binding cytoskeletal protein","PC00085","cytoskeletal protein"
"279","Q6EMK4","Vasorin","VASN",4.32035400544889,3,0.0090676984,4.8495508153732,1511,"PC00197","PC00197","transmembrane signal receptor","PC00197","transmembrane signal receptor"
"280","Q12797","Aspartyl/asparaginyl beta-hydroxylase","ASPH",4.31899889443846,3,0.016839214,5.83737888115383,1198,"PC00260","PC00260","protein modifying enzyme","PC00260","protein modifying enzyme"
"281","P19440","Gamma-glutamyltranspeptidase 1;Gamma-glutamyltranspeptidase 1 heavy chain;Gamma-glutamyltranspeptidase 1 light chain;Putative gamma-glutamyltranspeptidase 3;Putative gamma-glutamyltranspeptidase 3 heavy chain;Putative gamma-glutamyltranspeptidase 3 light chain;Inactive gamma-glutamyltranspeptidase 2","GGT1;GGT3P;GGT2",4.30312518121765,3,0.043768015,7.69692384934671,3446,"PC00190","PC00190","protease","PC00260","protein modifying enzyme"
"282","P05387","60S acidic ribosomal protein P2","RPLP2",4.30010986479143,3,0.0018754825,2.97568719326942,355,"PC00202","PC00202","ribosomal protein","PC00263","translational protein"
"283","Q6IAA8","Ragulator complex protein LAMTOR1","LAMTOR1",4.29415855452556,3,0.010945302,5.03986915365289,1512,"PC00151","PC00151","membrane trafficking regulatory protein","PC00150","membrane traffic protein"
"284","P61586","Transforming protein RhoA","RHOA",4.28510736674097,3,0.022939643,6.25796682255873,989,"PC00208","PC00095","G-protein","PC00020","protein-binding activity modulator"
"285","P07195","L-lactate dehydrogenase B chain","LDHB",4.27707779212656,3,0.033152435,6.95279587263965,374,"PC00262","PC00262","metabolite interconversion enzyme","PC00262","metabolite interconversion enzyme"
"286","Q9UHB9","Signal recognition particle subunit SRP68","SRP68",4.27687336436402,3,0.007601426,4.46224121133715,2261,"PC00031","PC00031","RNA metabolism protein","PC00031","RNA metabolism protein"
"287","P18085","ADP-ribosylation factor 4","ARF4",4.27029261800786,3,0.024780061,6.33961378600084,542,"PC00020","PC00020","G-protein","PC00095","protein-binding activity modulator"
"288","P12956","X-ray repair cross-complementing protein 6","XRCC6",4.265408277458,3,0.012375132,5.12644273088385,475,"PC00011","PC00011","DNA helicase","PC00009","DNA metabolism protein"
"289","P60174","Triosephosphate isomerase","TPI1",4.25991319439275,3,0.041168563,7.33338318108367,957,"PC00135","PC00135","isomerase","PC00262","metabolite interconversion enzyme"
"290","Q15366","Poly(rC)-binding protein 2","PCBP2",4.24897788624141,3,0.0024373692,3.10781212536216,1375,"PC00031","PC00031","RNA metabolism protein","PC00031","RNA metabolism protein"
"291","Q8NFJ5","Retinoic acid-induced protein 3","GPRC5A",4.23767041292282,3,0.019533044,5.76947620942613,3063,"PC00021","PC00021","G-protein coupled receptor","PC00197","transmembrane signal receptor"
"292","P84243","Histone H3.1;Histone H3.3;Histone H3.2;Histone H3.1t;Histone H3.3C;Histone H3","HIST2H3A",4.23084077361675,3,0.028887454,6.46007085111108,3023,"PC00077","PC00077","chromatin/chromatin-binding, or -regulatory protein","PC00077","chromatin/chromatin-binding, or -regulatory protein"
"293","P05388","60S acidic ribosomal protein P0;60S acidic ribosomal protein P0-like","RPLP0;RPLP0P6",4.18840326966693,3,0.0037325628,3.38794498783843,356,"PC00202","PC00202","ribosomal protein","PC00263","translational protein"
"294","P23284","Peptidyl-prolyl cis-trans isomerase B","PPIB",4.18796699597296,3,0.024193788,5.944975332605,589,NA,NA,"Unclassified",NA,"Unclassified"
"295","Q9BTV4","Transmembrane protein 43","TMEM43",4.18404113302625,3,0.01541674,5.17670356029755,1981,NA,NA,"Unclassified",NA,"Unclassified"
"296","P48047","ATP synthase subunit O, mitochondrial","ATP5O",4.17555991547082,3,0.026032522,6.02547999704336,817,"PC00068","PC00068","primary active transporter","PC00227","transporter"
"297","Q14683","Structural maintenance of chromosomes protein 1A","SMC1A",4.17201022344675,3,0.0038049812,3.36909887382969,1323,NA,NA,"Unclassified",NA,"Unclassified"
"298","P29966","Myristoylated alanine-rich C-kinase substrate","MARCKS",4.16928911293599,3,0.031292893,6.3411075279504,649,NA,NA,"Unclassified",NA,"Unclassified"
"299","Q8NBJ5","Procollagen galactosyltransferase 1","COLGALT1",4.16228678964203,3,0.0075612795,4.11497065326241,1675,"PC00260","PC00260","protein modifying enzyme","PC00260","protein modifying enzyme"
"300","P07947","Tyrosine-protein kinase Yes;Tyrosine-protein kinase Fyn","YES1;FYN",4.15929712083055,3,0.01861852,5.38610466622748,3429,"PC00168","PC00168","non-receptor tyrosine protein kinase","PC00260","protein modifying enzyme"
"301","O60763","General vesicular transport factor p115","USO1",4.15226659331555,3,0.0074792881,4.0730992028734,180,"PC00150","PC00150","membrane traffic protein","PC00150","membrane traffic protein"
"302","P30837","Aldehyde dehydrogenase X, mitochondrial","ALDH1B1",4.15189990075911,3,0.006773822,3.95241263760084,669,"PC00176","PC00176","oxidoreductase","PC00262","metabolite interconversion enzyme"
"303","Q13433","Zinc transporter ZIP6","SLC39A6",4.1419688920987,3,0.0078293048,4.10019391278231,3519,"PC00258","PC00258","secondary carrier transporter","PC00227","transporter"
"304","Q9NRX5","Serine incorporator 1","SERINC1",4.13711616855146,3,0.022039253,5.5801853283806,2153,"PC00095","PC00095","protein-binding activity modulator","PC00095","protein-binding activity modulator"
"305","P06744","Glucose-6-phosphate isomerase","GPI",4.13692894832194,3,0.019953942,5.41498608335401,366,"PC00135","PC00135","isomerase","PC00262","metabolite interconversion enzyme"
"306","Q969S8","Histone deacetylase 10","HDAC10",4.13524664254686,3,0.027853973,5.97995158378405,1817,NA,NA,"Unclassified",NA,"Unclassified"
"307","P15311","Ezrin","EZR",4.12205851459985,3,0.0081209959,4.08877261075864,505,"PC00041","PC00041","actin or actin-binding cytoskeletal protein","PC00085","cytoskeletal protein"
"308","Q15599","Na(+)/H(+) exchange regulatory cofactor NHE-RF2","SLC9A3R2",4.11754976313935,3,0.042397056,6.70336471953728,3538,"PC00226","PC00226","scaffold/adaptor protein","PC00226","scaffold/adaptor protein"
"309","P61981","14-3-3 protein gamma;14-3-3 protein gamma, N-terminally processed","YWHAG",4.11580090466579,3,0.01090212,4.44847824115469,1002,"PC00226","PC00226","scaffold/adaptor protein","PC00226","scaffold/adaptor protein"
"310","Q9Y5M8","Signal recognition particle receptor subunit beta","SRPRB",4.10663440250734,3,0.0076956218,3.98030289734977,2407,"PC00219","PC00219","transfer/carrier protein","PC00219","transfer/carrier protein"
"311","Q08554","Desmocollin-1","DSC1",4.1027693385044,3,0.0030505972,3.00456079429889,1181,"PC00057","PC00057","cadherin","PC00069","cell adhesion molecule"
"312","Q92930","Ras-related protein Rab-8A;Ras-related protein Rab-8B","RAB8A;RAB8B",4.09458079476474,3,0.039654471,6.46599730930349,2567,"PC00208","PC00095","G-protein","PC00020","protein-binding activity modulator"
"313","P08913","Alpha-2A adrenergic receptor","ADRA2A",4.0824172614568,3,0.0092316391,4.13445201427613,3431,"PC00021","PC00021","G-protein coupled receptor","PC00197","transmembrane signal receptor"
"314","P49368","T-complex protein 1 subunit gamma","CCT3",4.04860222103172,3,0.0024805334,2.71913409350668,839,"PC00073","PC00073","chaperonin","PC00072","chaperone"
"315","P15144","Aminopeptidase N","ANPEP",4.04041515117235,3,0.032814045,5.88268549375442,501,"PC00190","PC00190","protease","PC00260","protein modifying enzyme"
"316","Q9Y4L1","Hypoxia up-regulated protein 1","HYOU1",4.03553047685318,3,0.017543571,4.85559620870647,2393,"PC00027","PC00027","Hsp70 family chaperone","PC00072","chaperone"
"317","O95758","Polypyrimidine tract-binding protein 3","PTBP3",4.02815533941036,3,0.013938699,4.50765655592793,297,"PC00147","PC00147","RNA processing factor","PC00031","RNA metabolism protein"
"318","Q99832","T-complex protein 1 subunit eta","CCT7",4.02750905487023,3,0.029099196,5.62319497435171,1947,"PC00073","PC00073","chaperonin","PC00072","chaperone"
"319","P58107","Epiplakin","EPPK1",4.0255200978521,3,0.033376154,5.85210804567945,954,"PC00129","PC00129","intermediate filament","PC00085","cytoskeletal protein"
"320","Q96HY6","DDRGK domain-containing protein 1","DDRGK1",4.01338560871777,3,0.0010126348,2.02628693040075,1871,NA,NA,"Unclassified",NA,"Unclassified"
"321","P00367","Glutamate dehydrogenase 1, mitochondrial","GLUD1",4.01103765956428,3,0.033191979,5.78401313048294,308,"PC00176","PC00176","oxidoreductase","PC00262","metabolite interconversion enzyme"
"322","Q92616","Translational activator GCN1","GCN1L1",4.0016780087519,3,0.022726873,5.1273654725918,1776,"PC00226","PC00226","scaffold/adaptor protein","PC00226","scaffold/adaptor protein"
"323","Q14432","cGMP-inhibited 3,5-cyclic phosphodiesterase A","PDE3A",3.99660370716514,3,0.014533945,4.46601242069325,1310,"PC00185","PC00262","hydrolase","PC00121","metabolite interconversion enzyme"
"324","P09211","Glutathione S-transferase P","GSTP1",3.98908946751211,3,0.023024023,5.10273476623119,413,"PC00220","PC00220","transferase","PC00262","metabolite interconversion enzyme"
"325","P00558","Phosphoglycerate kinase 1","PGK1",3.98538173932127,3,0.029607954,5.48993895160272,314,"PC00065","PC00262","transferase","PC00220","metabolite interconversion enzyme"
"326","P12814","Alpha-actinin-1","ACTN1",3.97994264045427,3,0.012911352,4.26017982745971,474,"PC00041","PC00041","actin or actin-binding cytoskeletal protein","PC00085","cytoskeletal protein"
"327","Q9P0L0","Vesicle-associated membrane protein-associated protein A","VAPA",3.97906500037825,3,0.014091716,4.37119860582977,2219,"PC00151","PC00151","membrane trafficking regulatory protein","PC00150","membrane traffic protein"
"328","Q14160","Protein scribble homolog","SCRIB",3.97201080104398,3,0.0081539089,3.68937528596252,1296,"PC00226","PC00226","scaffold/adaptor protein","PC00226","scaffold/adaptor protein"
"329","Q12965","Unconventional myosin-Ie","MYO1E",3.9683102826584,3,0.0067095174,3.47015876969905,1216,"PC00040","PC00085","actin or actin-binding cytoskeletal protein","PC00041","cytoskeletal protein"
"330","P11233;P11234","Ras-related protein Ral-A;Ras-related protein Ral-B","RALA;RALB",3.94314232374349,3,0.004927469,3.10752538693709,2501,NA,NA,"Unclassified",NA,"Unclassified"
"331","Q9P2E9","Ribosome-binding protein 1","RRBP1",3.93923801948919,3,0.0093912976,3.76320960957041,2228,"PC00226","PC00226","scaffold/adaptor protein","PC00226","scaffold/adaptor protein"
"332","P41252","Isoleucine--tRNA ligase, cytoplasmic","IARS",3.93367082546278,3,0.0064865635,3.35354138320368,770,"PC00047","PC00047","aminoacyl-tRNA synthetase","PC00263","translational protein"
"333","Q9BVC6","Transmembrane protein 109","TMEM109",3.90299833745465,3,0.031753294,5.29557401088847,1995,NA,NA,"Unclassified",NA,"Unclassified"
"334","Q9BZX2","Uridine-cytidine kinase 2;Uridine-cytidine kinase 1","UCK2",3.90098838071609,3,0.0048755351,3.00842993164698,3632,"PC00172","PC00262","transferase","PC00220","metabolite interconversion enzyme"
"335","P42166","Lamina-associated polypeptide 2, isoform alpha;Thymopoietin;Thymopentin","TMPO",3.89658337073125,3,0.035879564,5.46958165625153,772,"PC00179","PC00179","peptide hormone","PC00207","intercellular signal molecule"
"336","P11177","Pyruvate dehydrogenase E1 component subunit beta, mitochondrial","PDHB",3.89086559522062,3,0.037308224,5.51236003193415,453,"PC00176","PC00176","oxidoreductase","PC00262","metabolite interconversion enzyme"
"337","Q99873","Protein arginine N-methyltransferase 1","PRMT1",3.87676329852481,3,0.025711408,4.88002706855027,2687,"PC00260","PC00260","protein modifying enzyme","PC00260","protein modifying enzyme"
"338","P52943","Cysteine-rich protein 2","CRIP2",3.87456707375288,3,0.029420225,5.07431472982052,906,"PC00041","PC00041","actin or actin-binding cytoskeletal protein","PC00085","cytoskeletal protein"
"339","P61160","Actin-related protein 2","ACTR2",3.8743430477326,3,0.0027771248,2.49309603511883,975,"PC00041","PC00041","actin or actin-binding cytoskeletal protein","PC00085","cytoskeletal protein"
"340","Q15286","Ras-related protein Rab-35","RAB35",3.87266790425507,3,0.0016452201,2.12710589759903,1369,"PC00020","PC00020","G-protein","PC00095","protein-binding activity modulator"
"341","Q08J23","tRNA (cytosine(34)-C(5))-methyltransferase","NSUN2",3.86999874808478,3,0.018586885,4.40519349895543,1184,"PC00033","PC00033","RNA methyltransferase","PC00031","RNA metabolism protein"
"342","P63244","Guanine nucleotide-binding protein subunit beta-2-like 1;Guanine nucleotide-binding protein subunit beta-2-like 1, N-terminally processed","GNB2L1",3.86501418896701,3,0.011643152,3.81341817925348,1065,NA,NA,"Unclassified",NA,"Unclassified"
"343","Q02790","Peptidyl-prolyl cis-trans isomerase FKBP4;Peptidyl-prolyl cis-trans isomerase FKBP4, N-terminally processed","FKBP4",3.86490525750513,3,0.0075156586,3.34237193411146,1138,"PC00072","PC00072","chaperone","PC00072","chaperone"
"344","P18669","Phosphoglycerate mutase 1;Phosphoglycerate mutase 2;Probable phosphoglycerate mutase 4","PGAM1;PGAM2",3.86424568139344,3,0.023237396,4.69274847089099,3292,"PC00160","PC00262","isomerase","PC00135","metabolite interconversion enzyme"
"345","P50402","Emerin","EMD",3.86360550178741,3,0.016901122,4.26197174058559,858,NA,NA,"Unclassified",NA,"Unclassified"
"346","Q9UNQ2","Probable dimethyladenosine transferase","DIMT1",3.85803266117105,3,0.028015321,4.94314156623403,3680,"PC00033","PC00033","RNA methyltransferase","PC00031","RNA metabolism protein"
"347","Q6YHK3","CD109 antigen","CD109",3.84218778728055,3,0.015371294,4.08093084811815,1552,"PC00191","PC00191","protease inhibitor","PC00095","protein-binding activity modulator"
"348","Q96A33","Coiled-coil domain-containing protein 47","CCDC47",3.82152694421562,3,0.020927249,4.41446631295843,1821,NA,NA,"Unclassified",NA,"Unclassified"
"349","Q15293","Reticulocalbin-1","RCN1",3.81443580895041,3,0.004025823,2.67453928093787,1372,"PC00061","PC00061","calmodulin-related","PC00060","calcium-binding protein"
"350","P29317","Ephrin type-A receptor 2","EPHA2",3.81400078519057,3,0.015921822,4.04459019976589,3296,"PC00197","PC00197","transmembrane signal receptor","PC00197","transmembrane signal receptor"
"351","Q9Y266","Nuclear migration protein nudC","NUDC",3.80082951433996,3,0.013290128,3.79568089721357,2344,"PC00157","PC00157","microtubule or microtubule-binding cytoskeletal protein","PC00085","cytoskeletal protein"
"352","Q14566","DNA replication licensing factor MCM6","MCM6",3.79170214088049,3,0.0054371157,2.88200059047937,1316,"PC00009","PC00009","DNA metabolism protein","PC00009","DNA metabolism protein"
"353","Q9ULF5","Zinc transporter ZIP10","SLC39A10",3.78325323722322,3,0.047180578,5.49080056963167,2301,"PC00258","PC00258","secondary carrier transporter","PC00227","transporter"
"354","O14980","Exportin-1","XPO1",3.73459758456835,3,0.049601119,5.38926682777256,80,"PC00227","PC00227","transporter","PC00227","transporter"
"355","P55011","Solute carrier family 12 member 2","SLC12A2",3.70238356779935,3,0.048534334,5.23588231795487,928,"PC00258","PC00258","secondary carrier transporter","PC00227","transporter"
"356","P49770","Translation initiation factor eIF-2B subunit beta","EIF2B2",3.70104653315631,3,0.0056285751,2.73481819831483,3474,"PC00223","PC00223","translation factor","PC00263","translational protein"
"357","P38606","V-type proton ATPase catalytic subunit A","ATP6V1A",3.69957027179687,3,0.021907425,4.11291593142422,744,"PC00068","PC00068","primary active transporter","PC00227","transporter"
"358","Q9UHB6","LIM domain and actin-binding protein 1","LIMA1",3.69020463205346,3,0.016834304,3.7747990580468,2259,"PC00041","PC00041","actin or actin-binding cytoskeletal protein","PC00085","cytoskeletal protein"
"359","P12277","Creatine kinase B-type","CKB",3.67501865521509,3,0.021638762,4.02852311156578,471,"PC00220","PC00220","transferase","PC00262","metabolite interconversion enzyme"
"360","Q96KA5","Cleft lip and palate transmembrane protein 1-like protein","CLPTM1L",3.67324249305502,3,0.012100617,3.37772069002486,1882,NA,NA,"Unclassified",NA,"Unclassified"
"361","Q13126","S-methyl-5-thioadenosine phosphorylase","MTAP",3.66210125202367,3,0.028625118,4.34347142258404,1226,"PC00172","PC00262","transferase","PC00220","metabolite interconversion enzyme"
"362","P46821","Microtubule-associated protein 1B;MAP1B heavy chain;MAP1 light chain LC1","MAP1B",3.64274284291018,3,0.030272653,4.35838406654539,809,"PC00166","PC00085","microtubule or microtubule-binding cytoskeletal protein","PC00157","cytoskeletal protein"
"363","Q7KZF4","Staphylococcal nuclease domain-containing protein 1","SND1",3.64030611553185,3,0.028029926,4.25137068896326,1567,NA,NA,"Unclassified",NA,"Unclassified"
"364","P27348","14-3-3 protein theta","YWHAQ",3.63412890930835,3,0.025302837,4.10476054761748,626,"PC00226","PC00226","scaffold/adaptor protein","PC00226","scaffold/adaptor protein"
"365","Q71UI9","Histone H2A.V;Histone H2A.Z","H2AFV;H2AFZ",3.63362242376194,3,0.004369664,2.41842955866872,427,"PC00077","PC00077","chromatin/chromatin-binding, or -regulatory protein","PC00077","chromatin/chromatin-binding, or -regulatory protein"
"366","Q14257","Reticulocalbin-2","RCN2",3.62838895353467,3,0.0080977883,2.90141244794093,1305,"PC00061","PC00061","calmodulin-related","PC00060","calcium-binding protein"
"367","P63000","Ras-related C3 botulinum toxin substrate 1","RAC1",3.59525766022521,3,0.038123488,4.52039947910141,1054,"PC00208","PC00095","G-protein","PC00020","protein-binding activity modulator"
"368","Q06830","Peroxiredoxin-1","PRDX1",3.59014087958104,3,0.011183306,3.1138750087943,1164,"PC00176","PC00176","oxidoreductase","PC00262","metabolite interconversion enzyme"
"369","Q9GZZ9","Ubiquitin-like modifier-activating enzyme 5","UBA5",3.57166544248386,3,0.0071003777,2.68132639359028,2039,"PC00234","PC00234","ubiquitin-protein ligase","PC00260","protein modifying enzyme"
"370","O75122","CLIP-associating protein 2","CLASP2",3.5631954505721,3,0.039957959,4.48403867081605,191,"PC00166","PC00085","microtubule or microtubule-binding cytoskeletal protein","PC00157","cytoskeletal protein"
"371","Q9Y285","Phenylalanine--tRNA ligase alpha subunit","FARSA",3.54462266988036,3,0.027320856,3.94798640081579,2347,"PC00047","PC00047","aminoacyl-tRNA synthetase","PC00263","translational protein"
"372","Q6YN16","Hydroxysteroid dehydrogenase-like protein 2","HSDL2",3.52736528755503,3,0.014468101,3.22159863169799,1553,"PC00262","PC00262","metabolite interconversion enzyme","PC00262","metabolite interconversion enzyme"
"373","Q9GZS1","DNA-directed RNA polymerase I subunit RPA49","POLR1E",3.52261992314591,3,0.0034828091,2.09151688492042,3344,"PC00019","PC00019","DNA-directed RNA polymerase","PC00031","RNA metabolism protein"
"374","P36957","Dihydrolipoyllysine-residue succinyltransferase component of 2-oxoglutarate dehydrogenase complex, mitochondrial","DLST",3.51557482936045,3,0.032318365,4.06998701621553,736,"PC00220","PC00220","transferase","PC00262","metabolite interconversion enzyme"
"375","Q07020","60S ribosomal protein L18","RPL18",3.51333536866411,3,0.02512813,3.76720766227225,1165,"PC00202","PC00202","ribosomal protein","PC00263","translational protein"
"376","Q92878","DNA repair protein RAD50","RAD50",3.51213272435832,3,0.031500265,4.02907032140856,3597,NA,NA,"Unclassified",NA,"Unclassified"
"377","Q99805","Transmembrane 9 superfamily member 2","TM9SF2",3.50951490445781,3,0.0064000958,2.4892331115539,1945,"PC00227","PC00227","transporter","PC00227","transporter"
"378","P81605","Dermcidin;Survival-promoting peptide;DCD-1","DCD",3.48113764607333,3,0.021522362,3.51622541536705,1091,NA,NA,"Unclassified",NA,"Unclassified"
"379","Q96RT1","Protein LAP2","ERBB2IP",3.47495685584453,3,0.044226091,4.3488543034919,1907,"PC00226","PC00226","scaffold/adaptor protein","PC00226","scaffold/adaptor protein"
"380","Q5VTE0","Putative elongation factor 1-alpha-like 3;Elongation factor 1-alpha 1","EEF1A1P5;EEF1A1",3.47286055270374,3,0.0083705802,2.63100872447576,3495,"PC00223","PC00223","translation factor","PC00263","translational protein"
"381","P09601","Heme oxygenase 1","HMOX1",3.46319441116585,3,0.023748981,3.57722120561332,420,"PC00176","PC00176","oxidoreductase","PC00262","metabolite interconversion enzyme"
"382","P62987","Ubiquitin-40S ribosomal protein S27a;Ubiquitin;40S ribosomal protein S27a;Ubiquitin-60S ribosomal protein L40;Ubiquitin;60S ribosomal protein L40;Polyubiquitin-B;Ubiquitin;Polyubiquitin-C;Ubiquitin","RPS27A;UBA52;UBB;UBC",3.45928113965679,3,0.010433681,2.78507998995388,2924,NA,NA,"Unclassified",NA,"Unclassified"
"383","P04040","Catalase","CAT",3.44918514848711,3,0.041761,4.19873890945361,328,"PC00176","PC00176","oxidoreductase","PC00262","metabolite interconversion enzyme"
"384","Q8IWT6","Volume-regulated anion channel subunit LRRC8A","LRRC8A",3.44639600821657,3,0.020242782,3.36980766359438,3577,"PC00226","PC00226","scaffold/adaptor protein","PC00226","scaffold/adaptor protein"
"385","Q9NUP9","Protein lin-7 homolog C","LIN7C",3.43999386714345,3,0.049156722,4.38196142854275,2167,"PC00070","PC00070","cell junction protein","PC00070","cell junction protein"
"386","Q8N766","ER membrane protein complex subunit 1","EMC1",3.4276039091251,3,0.018462909,3.23531008242204,1669,NA,NA,"Unclassified",NA,"Unclassified"
"387","P04844","Dolichyl-diphosphooligosaccharide--protein glycosyltransferase subunit 2","RPN2",3.40121527569177,3,0.02613079,3.52681964201272,344,"PC00111","PC00262","transferase","PC00220","metabolite interconversion enzyme"
"388","O00231","26S proteasome non-ATPase regulatory subunit 11","PSMD11",3.39930593093485,3,0.021104097,3.30276137594948,27,NA,NA,"Unclassified",NA,"Unclassified"
"389","Q96HC4","PDZ and LIM domain protein 5","PDLIM5",3.39879933195525,3,0.031204121,3.71409635612529,1866,"PC00041","PC00041","actin or actin-binding cytoskeletal protein","PC00085","cytoskeletal protein"
"390","P45974","Ubiquitin carboxyl-terminal hydrolase 5","USP5",3.39862966961266,3,0.013347755,2.87594873912835,796,"PC00260","PC00260","protein modifying enzyme","PC00260","protein modifying enzyme"
"391","O43795","Unconventional myosin-Ib","MYO1B",3.39843499652868,3,0.031741742,3.73230213640086,148,"PC00040","PC00085","actin or actin-binding cytoskeletal protein","PC00041","cytoskeletal protein"
"392","P01040","Cystatin-A;Cystatin-A, N-terminally processed","CSTA",3.39553203479635,3,0.011344264,2.73266450065293,2477,"PC00191","PC00191","protease inhibitor","PC00095","protein-binding activity modulator"
"393","Q9NX40","OCIA domain-containing protein 1","OCIAD1",3.39373950990916,3,0.0048005637,2.10676851679326,2188,"PC00150","PC00150","membrane traffic protein","PC00150","membrane traffic protein"
"394","P17980","26S protease regulatory subunit 6A","PSMC3",3.39154969069669,3,0.017810116,3.12145015501625,536,"PC00190","PC00190","protease","PC00260","protein modifying enzyme"
"395","P57721","Poly(rC)-binding protein 2;Poly(rC)-binding protein 3","PCBP2;PCBP3",3.38600575840728,3,0.0142433,2.90717183049214,3536,"PC00031","PC00031","RNA metabolism protein","PC00031","RNA metabolism protein"
"396","P09874","Poly [ADP-ribose] polymerase 1","PARP1",3.38503755296084,3,0.010925401,2.68230802434004,425,"PC00009","PC00009","DNA metabolism protein","PC00009","DNA metabolism protein"
"397","Q12913","Receptor-type tyrosine-protein phosphatase eta","PTPRJ",3.38445778212776,3,0.022039173,3.31188620041344,3510,"PC00195","PC00195","protein phosphatase","PC00260","protein modifying enzyme"
"398","P55209","Nucleosome assembly protein 1-like 1","NAP1L1",3.38371768942442,3,0.031397238,3.6823051531644,934,"PC00077","PC00077","chromatin/chromatin-binding, or -regulatory protein","PC00077","chromatin/chromatin-binding, or -regulatory protein"
"399","Q15046","Lysine--tRNA ligase","KARS",3.38040140302686,3,0.019538062,3.18497691906308,1356,"PC00047","PC00047","aminoacyl-tRNA synthetase","PC00263","translational protein"
"400","Q70J99","Protein unc-13 homolog D","UNC13D",3.37614291307543,3,0.013404831,2.83510921714645,1559,NA,NA,"Unclassified",NA,"Unclassified"
"401","P50502","Hsc70-interacting protein;Putative protein FAM10A4;Putative protein FAM10A5","ST13;ST13P4;ST13P5",3.37180983824596,3,0.010803632,2.64887479116978,861,NA,NA,"Unclassified",NA,"Unclassified"
"402","P81877","Single-stranded DNA-binding protein 2","SSBP2",3.37159533303646,3,0.0051714154,2.1216766326119,1092,"PC00009","PC00009","DNA metabolism protein","PC00009","DNA metabolism protein"
"403","P50416","Carnitine O-palmitoyltransferase 1, liver isoform","CPT1A",3.37124738307901,3,0.020558596,3.21371232093766,859,"PC00220","PC00220","transferase","PC00262","metabolite interconversion enzyme"
"404","Q15019","Septin-2","SEPT2",3.35690099935304,3,0.0080229416,2.39700777874577,1350,"PC00085","PC00085","cytoskeletal protein","PC00085","cytoskeletal protein"
"405","P15586","N-acetylglucosamine-6-sulfatase","GNS",3.35119702981887,3,0.049098793,4.11892490846656,508,"PC00121","PC00121","hydrolase","PC00262","metabolite interconversion enzyme"
"406","Q86YQ8","Copine-8","CPNE8",3.34610766506067,3,0.043518286,3.95802142240115,1624,"PC00060","PC00060","calcium-binding protein","PC00060","calcium-binding protein"
"407","Q9NRR3","CDC42 small effector protein 2","CDC42SE2",3.33178885509176,3,0.039524931,3.80701430980088,3651,NA,NA,"Unclassified",NA,"Unclassified"
"408","Q29983","MHC class I polypeptide-related sequence A","MICA",3.32544571558324,3,0.034916461,3.6514664564644,1441,"PC00149","PC00149","major histocompatibility complex protein","PC00090","defense/immunity protein"
"409","P42704","Leucine-rich PPR motif-containing protein, mitochondrial","LRPPRC",3.31902537809945,3,0.046832748,3.97119996872278,780,NA,NA,"Unclassified",NA,"Unclassified"
"410","Q9Y6M7","Sodium bicarbonate cotransporter 3","SLC4A7",3.31410456978771,3,0.0073017338,2.2618927747769,3696,"PC00258","PC00258","secondary carrier transporter","PC00227","transporter"
"411","Q9H2V7","Protein spinster homolog 1","SPNS1",3.30900606544157,3,0.0059005506,2.11388762637496,2058,"PC00227","PC00227","transporter","PC00227","transporter"
"412","Q9Y5B9","FACT complex subunit SPT16","SUPT16H",3.30620799728928,3,0.010103586,2.48059049735817,2402,"PC00077","PC00077","chromatin/chromatin-binding, or -regulatory protein","PC00077","chromatin/chromatin-binding, or -regulatory protein"
"413","Q9NSE4","Isoleucine--tRNA ligase, mitochondrial","IARS2",3.30151629581968,3,0.0052464311,2.0298599432301,2158,"PC00047","PC00047","aminoacyl-tRNA synthetase","PC00263","translational protein"
"414","P04216","Thy-1 membrane glycoprotein","THY1",3.29951138902507,3,0.015697502,2.81930971276634,336,"PC00069","PC00069","cell adhesion molecule","PC00069","cell adhesion molecule"
"415","Q96AY3","Peptidyl-prolyl cis-trans isomerase FKBP10","FKBP10",3.28639781560902,3,0.034132823,3.52975993187586,1831,NA,NA,"Unclassified",NA,"Unclassified"
"416","P47897","Glutamine--tRNA ligase","QARS",3.28479219989874,3,0.016491055,2.83243066285147,815,"PC00047","PC00047","aminoacyl-tRNA synthetase","PC00263","translational protein"
"417","P00505","Aspartate aminotransferase, mitochondrial","GOT2",3.27909214164933,3,0.030997241,3.41152109194907,312,"PC00216","PC00262","transferase","PC00220","metabolite interconversion enzyme"
"418","O95197","Reticulon-3","RTN3",3.278813090966,3,0.041116837,3.71363710470273,267,"PC00151","PC00151","membrane trafficking regulatory protein","PC00150","membrane traffic protein"
"419","P11717","Cation-independent mannose-6-phosphate receptor","IGF2R",3.26918419879717,3,0.0061296336,2.08005081982595,463,"PC00150","PC00150","membrane traffic protein","PC00150","membrane traffic protein"
"420","Q8WTV0","Scavenger receptor class B member 1","SCARB1",3.24672768774957,3,0.0096668676,2.34894583580945,1728,"PC00151","PC00151","membrane trafficking regulatory protein","PC00150","membrane traffic protein"
"421","Q14240","Eukaryotic initiation factor 4A-I;Eukaryotic initiation factor 4A-II;Eukaryotic initiation factor 4A-II, N-terminally processed","EIF4A1;EIF4A2",3.22787701780472,3,0.0062991735,2.03800914087403,961,"PC00032","PC00032","RNA helicase","PC00031","RNA metabolism protein"
"422","P43490","Nicotinamide phosphoribosyltransferase","NAMPT",3.22048222970791,3,0.039878577,3.53380351980663,792,"PC00220","PC00220","transferase","PC00262","metabolite interconversion enzyme"
"423","Q96DG6","Carboxymethylenebutenolidase homolog","CMBL",3.21762016181825,3,0.044524129,3.64574994763781,2669,NA,NA,"Unclassified",NA,"Unclassified"
"424","P22102","Trifunctional purine biosynthetic protein adenosine-3;Phosphoribosylamine--glycine ligase;Phosphoribosylformylglycinamidine cyclo-ligase;Phosphoribosylglycinamide formyltransferase","GART",3.20859784424385,3,0.026782008,3.10897914281898,579,NA,NA,"Unclassified",NA,"Unclassified"
"425","Q07021","Complement component 1 Q subcomponent-binding protein, mitochondrial","C1QBP",3.19791293475175,3,0.047943357,3.67728595951558,1166,"PC00078","PC00078","complement component","PC00090","defense/immunity protein"
"426","Q9UBS4","DnaJ homolog subfamily B member 11","DNAJB11",3.18794856415044,3,0.019619776,2.79073020102169,2244,"PC00072","PC00072","chaperone","PC00072","chaperone"
"427","Q14008","Cytoskeleton-associated protein 5","CKAP5",3.18698033735614,3,0.043611154,3.54694724443471,1286,"PC00085","PC00085","cytoskeletal protein","PC00085","cytoskeletal protein"
"428","Q13308","Inactive tyrosine-protein kinase 7","PTK7",3.15769312278053,3,0.026871473,3.00420780522049,1241,NA,NA,"Unclassified",NA,"Unclassified"
"429","P31948","Stress-induced-phosphoprotein 1","STIP1",3.14367030393381,3,0.036647569,3.26643174746452,685,NA,NA,"Unclassified",NA,"Unclassified"
"430","Q9P2B2","Prostaglandin F2 receptor negative regulator","PTGFRN",3.14295130331626,3,0.034177784,3.19694774188478,2226,"PC00124","PC00124","immunoglobulin receptor superfamily","PC00090","defense/immunity protein"
"431","O00505","Importin subunit alpha-4","KPNA3",3.13985980040487,3,0.035585504,3.22910176454002,40,"PC00227","PC00227","transporter","PC00227","transporter"
"432","Q15691","Microtubule-associated protein RP/EB family member 1","MAPRE1",3.13057179630992,3,0.031136619,3.08194959388455,1398,"PC00166","PC00085","microtubule or microtubule-binding cytoskeletal protein","PC00157","cytoskeletal protein"
"433","Q9HAV0","Guanine nucleotide-binding protein subunit beta-4","GNB4",3.12234065297427,3,0.010532747,2.21128088800294,2108,"PC00020","PC00020","G-protein","PC00095","protein-binding activity modulator"
"434","Q9ULX3","RNA-binding protein NOB1","NOB1",3.11795515935928,3,0.02976574,3.01398428603799,2306,NA,NA,"Unclassified",NA,"Unclassified"
"435","O75477","Erlin-1","ERLIN1",3.11611550668527,3,0.023802102,2.81421156870762,213,"PC00151","PC00151","membrane trafficking regulatory protein","PC00150","membrane traffic protein"
"436","P23381","Tryptophan--tRNA ligase, cytoplasmic;T1-TrpRS;T2-TrpRS","WARS",3.11282390500345,3,0.024971234,2.84862134207243,590,"PC00047","PC00047","aminoacyl-tRNA synthetase","PC00263","translational protein"
"437","P50995","Annexin A11","ANXA11",3.10126853950698,3,0.017131474,2.5228653843185,3478,"PC00060","PC00060","calcium-binding protein","PC00060","calcium-binding protein"
"438","P23526","Adenosylhomocysteinase","AHCY",3.09357548704567,3,0.022364831,2.71912243238335,593,"PC00121","PC00121","hydrolase","PC00262","metabolite interconversion enzyme"
"439","P54577","Tyrosine--tRNA ligase, cytoplasmic;Tyrosine--tRNA ligase, cytoplasmic, N-terminally processed","YARS",3.08509154495205,3,0.046436716,3.36814227019125,921,"PC00263","PC00263","translational protein","PC00263","translational protein"
"440","P13473","Lysosome-associated membrane glycoprotein 2","LAMP2",3.05531124365104,3,0.020296941,2.57173478308003,478,"PC00151","PC00151","membrane trafficking regulatory protein","PC00150","membrane traffic protein"
"441","Q99497","Protein deglycase DJ-1","PARK7",3.05457855781899,3,0.01501517,2.34747338286579,1925,NA,NA,"Unclassified",NA,"Unclassified"
"442","P50990","T-complex protein 1 subunit theta","CCT8",3.02098160782854,3,0.040183339,3.08448064824552,868,"PC00073","PC00073","chaperonin","PC00072","chaperone"
"443","O43252","Bifunctional 3-phosphoadenosine 5-phosphosulfate synthase 1;Sulfate adenylyltransferase;Adenylyl-sulfate kinase","PAPSS1",3.01488772841397,3,0.011274352,2.09504223311067,2448,NA,NA,"Unclassified",NA,"Unclassified"
"444","Q14344","Guanine nucleotide-binding protein subunit alpha-13","GNA13",3.00327013711762,3,0.016703077,2.33928327845466,1309,"PC00020","PC00020","G-protein","PC00095","protein-binding activity modulator"
"445","P61158","Actin-related protein 3","ACTR3",2.99035607509484,3,0.04943474,3.21404111946837,974,"PC00041","PC00041","actin or actin-binding cytoskeletal protein","PC00085","cytoskeletal protein"
"446","P48060","Glioma pathogenesis-related protein 1","GLIPR1",2.98989483989966,3,0.027192367,2.68392041009507,818,"PC00090","PC00090","defense/immunity protein","PC00090","defense/immunity protein"
"447","P0DMV9","Heat shock 70 kDa protein 1B;Heat shock 70 kDa protein 1A","HSPA1B;HSPA1A",2.98474265361983,3,0.021219667,2.48196238240513,2498,"PC00027","PC00027","Hsp70 family chaperone","PC00072","chaperone"
"448","Q96S52","GPI transamidase component PIG-S","PIGS",2.98034562978302,3,0.019491808,2.4119462748215,1908,NA,NA,"Unclassified",NA,"Unclassified"
"449","P61073","C-X-C chemokine receptor type 4","CXCR4",2.96879233491465,3,0.046751529,3.11360990707726,971,"PC00069","PC00069","cell adhesion molecule","PC00069","cell adhesion molecule"
"450","Q03405","Urokinase plasminogen activator surface receptor","PLAUR",2.96396010185231,3,0.020870727,2.43428421909849,1147,"PC00197","PC00197","transmembrane signal receptor","PC00197","transmembrane signal receptor"
"451","Q969E2","Secretory carrier-associated membrane protein 4","SCAMP4",2.96210418912054,3,0.018336449,2.33823412052658,1812,"PC00219","PC00219","transfer/carrier protein","PC00219","transfer/carrier protein"
"452","Q9Y696","Chloride intracellular channel protein 4","CLIC4",2.95861027510921,3,0.012635408,2.08521999240481,2420,"PC00133","PC00133","ion channel","PC00227","transporter"
"453","Q5T1M5","FK506-binding protein 15","FKBP15",2.95295165529732,3,0.011815902,2.035549782984,1486,NA,NA,"Unclassified",NA,"Unclassified"
"454","Q9UNL2","Translocon-associated protein subunit gamma","SSR3",2.95199799315798,3,0.035522122,2.83332645142662,2319,"PC00151","PC00151","membrane trafficking regulatory protein","PC00150","membrane traffic protein"
"455","O75955","Flotillin-1","FLOT1",2.9443422981467,3,0.038242448,2.88163565307599,244,"PC00151","PC00151","membrane trafficking regulatory protein","PC00150","membrane traffic protein"
"456","O43681","ATPase ASNA1","ASNA1",2.93903038033402,3,0.042133521,2.9560242190953,142,"PC00227","PC00227","transporter","PC00227","transporter"
"457","Q9BUP3","Oxidoreductase HTATIP2","HTATIP2",2.9221029315852,3,0.018753834,2.28975470657001,1988,"PC00176","PC00176","oxidoreductase","PC00262","metabolite interconversion enzyme"
"458","P56182","Ribosomal RNA processing protein 1 homolog A","RRP1",2.91019113496801,3,0.017520616,2.22489998071729,3486,NA,NA,"Unclassified",NA,"Unclassified"
"459","Q9H3P2","Negative elongation factor A","NELFA",2.89649773025036,3,0.022304138,2.36999363325199,2062,NA,NA,"Unclassified",NA,"Unclassified"
"460","P29972","Aquaporin-1","AQP1",2.88732576275127,3,0.02869821,2.54061982846019,650,"PC00227","PC00227","transporter","PC00227","transporter"
"461","P23229","Integrin alpha-6;Integrin alpha-6 heavy chain;Integrin alpha-6 light chain;Processed integrin alpha-6","ITGA6",2.85803664923026,3,0.032739617,2.59028382527721,586,"PC00126","PC00126","integrin","PC00069","cell adhesion molecule"
"462","P24534","Elongation factor 1-beta","EEF1B2",2.82744824106,3,0.040229518,2.69819219962098,598,"PC00263","PC00263","translational protein","PC00263","translational protein"
"463","P31431","Syndecan-4","SDC4",2.82343225263315,3,0.041647904,2.71890434489764,3300,"PC00197","PC00197","transmembrane signal receptor","PC00197","transmembrane signal receptor"
"464","P14635","G2/mitotic-specific cyclin-B1","CCNB1",2.82248469791646,3,0.034999136,2.57851791148807,495,"PC00138","PC00095","kinase modulator","PC00140","protein-binding activity modulator"
"465","Q9UNZ2","NSFL1 cofactor p47","NSFL1C",2.80886563482968,3,0.016144237,2.02354243458613,2324,"PC00095","PC00095","protein-binding activity modulator","PC00095","protein-binding activity modulator"
"466","P10301","Ras-related protein R-Ras","RRAS",2.80399552746503,3,0.021501388,2.19841234493428,436,"PC00020","PC00020","G-protein","PC00095","protein-binding activity modulator"
"467","P52895","Aldo-keto reductase family 1 member C2","AKR1C2",2.79640108637122,3,0.032893155,2.48544928502565,3481,"PC00176","PC00176","oxidoreductase","PC00262","metabolite interconversion enzyme"
"468","O60841","Eukaryotic translation initiation factor 5B","EIF5B",2.77787618156299,3,0.026262917,2.29297269662335,185,"PC00223","PC00223","translation factor","PC00263","translational protein"
"469","Q8NEY1","Neuron navigator 1","NAV1",2.77150636560295,3,0.01953763,2.08837128101787,1690,NA,NA,"Unclassified",NA,"Unclassified"
"470","Q9Y5Q8","General transcription factor 3C polypeptide 5","GTF3C5",2.75129882165221,3,0.048411462,2.7061597886597,2409,"PC00259","PC00259","general transcription factor","PC00031","RNA metabolism protein"
"471","Q96EY4","Translation machinery-associated protein 16","TMA16",2.75022385947275,3,0.02197732,2.13198693140654,2675,NA,NA,"Unclassified",NA,"Unclassified"
"472","Q9P206","Uncharacterized protein KIAA1522","KIAA1522",2.73772484437327,3,0.026608251,2.23882401531169,2222,NA,NA,"Unclassified",NA,"Unclassified"
"473","P40692","DNA mismatch repair protein Mlh1","MLH1",2.71373697117903,3,0.02285403,2.10336575912737,758,"PC00009","PC00009","DNA metabolism protein","PC00009","DNA metabolism protein"
"474","Q5M775","Cytospin-B","SPECC1",2.70166936891606,3,0.028914213,2.23888557263533,1476,"PC00226","PC00226","scaffold/adaptor protein","PC00226","scaffold/adaptor protein"
"475","Q8NHH9","Atlastin-2","ATL2",2.70165065821429,3,0.028576789,2.23095915302828,1700,"PC00020","PC00020","G-protein","PC00095","protein-binding activity modulator"
"476","P12004","Proliferating cell nuclear antigen","PCNA",2.69443194083733,3,0.021866901,2.04800492631839,466,"PC00015","PC00015","DNA polymerase processivity factor","PC00009","DNA metabolism protein"
"477","Q9NR30","Nucleolar RNA helicase 2","DDX21",2.68500431107095,3,0.027500661,2.18002911968876,2144,"PC00032","PC00032","RNA helicase","PC00031","RNA metabolism protein"
"478","Q9NQT8","Kinesin-like protein KIF13B","KIF13B",2.68042918848331,3,0.036147632,2.35954555800184,2141,"PC00157","PC00157","microtubule or microtubule-binding cytoskeletal protein","PC00085","cytoskeletal protein"
"479","O95373","Importin-7","IPO7",2.66413773459839,3,0.037143111,2.35220851415133,280,"PC00227","PC00227","transporter","PC00227","transporter"
"480","P52732","Kinesin-like protein KIF11","KIF11",2.66222120089464,3,0.032172486,2.24965828102498,902,"PC00157","PC00157","microtubule or microtubule-binding cytoskeletal protein","PC00085","cytoskeletal protein"
"481","Q9H0S4","Probable ATP-dependent RNA helicase DDX47","DDX47",2.66162648888705,3,0.024131531,2.06223882424669,2047,"PC00032","PC00032","RNA helicase","PC00031","RNA metabolism protein"
"482","P05109","Protein S100-A8;Protein S100-A8, N-terminally processed","S100A8",2.65886290228076,3,0.024199422,2.06003370034239,351,"PC00061","PC00061","calmodulin-related","PC00060","calcium-binding protein"
"483","Q12789","General transcription factor 3C polypeptide 1","GTF3C1",2.64871979205022,3,0.027331585,2.12194110105353,3509,"PC00259","PC00259","general transcription factor","PC00031","RNA metabolism protein"
"484","Q9NYU2","UDP-glucose:glycoprotein glucosyltransferase 1","UGGT1",2.63884588278314,3,0.038838208,2.34259090046546,2205,"PC00220","PC00220","transferase","PC00262","metabolite interconversion enzyme"
"485","P10909","Clusterin;Clusterin beta chain;Clusterin alpha chain","CLU",2.63015943496082,3,0.042941544,2.40000455249809,445,NA,NA,"Unclassified",NA,"Unclassified"
"486","O43813","LanC-like protein 1","LANCL1",2.61221862197015,3,0.037845649,2.28189838014248,2457,NA,NA,"Unclassified",NA,"Unclassified"
"487","P14868","Aspartate--tRNA ligase, cytoplasmic","DARS",2.58237603835009,3,0.048151284,2.40324532533281,499,"PC00047","PC00047","aminoacyl-tRNA synthetase","PC00263","translational protein"
"488","Q96HE7","ERO1-like protein alpha","ERO1L",2.56642109970928,3,0.029813113,2.05740870603784,1867,"PC00176","PC00176","oxidoreductase","PC00262","metabolite interconversion enzyme"
"489","Q14156","Protein EFR3 homolog A","EFR3A",2.55675464408021,3,0.037513684,2.1900203976419,3523,NA,NA,"Unclassified",NA,"Unclassified"
"490","O60245","Protocadherin-7","PCDH7",2.55664136398523,3,0.044285681,2.3020269526419,157,"PC00057","PC00057","cadherin","PC00069","cell adhesion molecule"
"491","Q13136","Liprin-alpha-1","PPFIA1",2.54348052743005,3,0.029160103,2.01149696385325,1228,"PC00226","PC00226","scaffold/adaptor protein","PC00226","scaffold/adaptor protein"
"492","P15559","NAD(P)H dehydrogenase [quinone] 1","NQO1",2.53237816105336,3,0.038380254,2.16818226062124,507,"PC00176","PC00176","oxidoreductase","PC00262","metabolite interconversion enzyme"
"493","P78324","Tyrosine-protein phosphatase non-receptor type substrate 1","SIRPA",2.50824172615141,3,0.041402124,2.18141515162267,3498,"PC00197","PC00197","transmembrane signal receptor","PC00197","transmembrane signal receptor"
"494","O14786","Neuropilin-1","NRP1",2.50064534718415,3,0.034577254,2.05542369060421,69,"PC00233","PC00233","tyrosine protein kinase receptor","PC00197","transmembrane signal receptor"
"495","P49773","Histidine triad nucleotide-binding protein 1","HINT1",2.49660472163497,3,0.042475753,2.18063115902311,3475,"PC00262","PC00262","metabolite interconversion enzyme","PC00262","metabolite interconversion enzyme"
"496","O00461","Golgi integral membrane protein 4","GOLIM4",2.46275298915397,3,0.049555413,2.23123754749432,35,NA,NA,"Unclassified",NA,"Unclassified"
"497","O60264","SWI/SNF-related matrix-associated actin-dependent regulator of chromatin subfamily A member 5;Probable global transcription activator SNF2L1","SMARCA5",2.41424110285393,3,0.046226159,2.1127599938934,3386,"PC00011","PC00011","DNA helicase","PC00009","DNA metabolism protein"
"498","P33316","Deoxyuridine 5-triphosphate nucleotidohydrolase, mitochondrial","DUT",2.33330171243821,3,0.049189713,2.03520762110634,695,"PC00262","PC00262","metabolite interconversion enzyme","PC00262","metabolite interconversion enzyme"
