 ,Mean,BG,Mean-BG,Area,Slice,Channel,Filename,Condition
1,492,110,382,152407,0,TPD54,01-Registered,postRapalog_Cont/
2,231,110,120,262460,1,TPD54,01-Registered,postRapalog_Cont/
3,347,122,225,152407,0,ATG9,01-Registered,postRapalog_Cont/
4,237,122,115,262460,1,ATG9,01-Registered,postRapalog_Cont/
5,318,114,204,237948,0,TPD54,03-Registered,postRapalog_Cont/
6,174,114,60,435296,1,TPD54,03-Registered,postRapalog_Cont/
7,335,136,199,237948,0,ATG9,03-Registered,postRapalog_Cont/
8,282,136,146,435296,1,ATG9,03-Registered,postRapalog_Cont/
9,453,111,342,265022,0,TPD54,09-Registered,postRapalog_Cont/
10,211,111,100,328094,1,TPD54,09-Registered,postRapalog_Cont/
11,330,117,213,265022,0,ATG9,09-Registered,postRapalog_Cont/
12,213,117,95,328094,1,ATG9,09-Registered,postRapalog_Cont/
13,344,118,226,344182,0,TPD54,10-Registered,postRapalog_Cont/
14,169,118,51,397622,1,TPD54,10-Registered,postRapalog_Cont/
15,353,126,227,344182,0,ATG9,10-Registered,postRapalog_Cont/
16,230,126,104,397622,1,ATG9,10-Registered,postRapalog_Cont/
17,618,118,500,193770,0,TPD54,12-Registered,postRapalog_Cont/
18,265,118,147,235842,1,TPD54,12-Registered,postRapalog_Cont/
19,320,137,184,193770,0,ATG9,12-Registered,postRapalog_Cont/
20,274,137,138,235842,1,ATG9,12-Registered,postRapalog_Cont/
21,327,117,210,281914,0,TPD54,14-Registered,postRapalog_Cont/
22,155,117,38,353162,1,TPD54,14-Registered,postRapalog_Cont/
23,343,126,217,281914,0,ATG9,14-Registered,postRapalog_Cont/
24,267,126,141,353162,1,ATG9,14-Registered,postRapalog_Cont/
25,486,113,372,114173,0,TPD54,16-Registered,postRapalog_Cont/
26,196,113,82,228053,1,TPD54,16-Registered,postRapalog_Cont/
27,311,118,193,114173,0,ATG9,16-Registered,postRapalog_Cont/
28,211,118,92,228053,1,ATG9,16-Registered,postRapalog_Cont/
29,894,115,779,170077,0,TPD54,17-Registered,postRapalog_Cont/
30,221,115,106,310948,1,TPD54,17-Registered,postRapalog_Cont/
31,333,115,218,170077,0,ATG9,17-Registered,postRapalog_Cont/
32,215,115,100,310948,1,ATG9,17-Registered,postRapalog_Cont/
33,923,110,813,132287,0,TPD54,20-Registered,postRapalog_Cont/
34,317,110,207,239681,1,TPD54,20-Registered,postRapalog_Cont/
35,366,117,249,132287,0,ATG9,20-Registered,postRapalog_Cont/
36,248,117,130,239681,1,ATG9,20-Registered,postRapalog_Cont/
37,389,108,281,138615,0,TPD54,21-Registered,postRapalog_Cont/
38,138,108,29,264462,1,TPD54,21-Registered,postRapalog_Cont/
39,260,114,146,138615,0,ATG9,21-Registered,postRapalog_Cont/
40,180,114,66,264462,1,ATG9,21-Registered,postRapalog_Cont/
41,503,108,395,168289,0,TPD54,22-Registered,postRapalog_Cont/
42,228,108,120,160222,1,TPD54,22-Registered,postRapalog_Cont/
43,362,116,246,168289,0,ATG9,22-Registered,postRapalog_Cont/
44,239,116,124,160222,1,ATG9,22-Registered,postRapalog_Cont/
45,309,124,185,182703,0,TPD54,23-Registered,postRapalog_Cont/
46,157,124,33,230199,1,TPD54,23-Registered,postRapalog_Cont/
47,304,130,174,182703,0,ATG9,23-Registered,postRapalog_Cont/
48,213,130,83,230199,1,ATG9,23-Registered,postRapalog_Cont/
49,380,110,270,233056,0,TPD54,24-Registered,postRapalog_Cont/
50,191,110,82,389260,1,TPD54,24-Registered,postRapalog_Cont/
51,315,121,194,233056,0,ATG9,24-Registered,postRapalog_Cont/
52,248,121,128,389260,1,ATG9,24-Registered,postRapalog_Cont/
53,890,113,777,169084,0,TPD54,25-Registered,postRapalog_Cont/
54,343,113,230,278575,1,TPD54,25-Registered,postRapalog_Cont/
55,343,118,225,169084,0,ATG9,25-Registered,postRapalog_Cont/
56,250,118,132,278575,1,ATG9,25-Registered,postRapalog_Cont/
57,835,107,729,59512,0,TPD54,26-Registered,postRapalog_Cont/
58,298,107,191,141714,1,TPD54,26-Registered,postRapalog_Cont/
59,337,112,225,59512,0,ATG9,26-Registered,postRapalog_Cont/
60,224,112,112,141714,1,ATG9,26-Registered,postRapalog_Cont/
61,400,112,288,247631,0,TPD54,29-Registered,postRapalog_Cont/
62,227,112,115,318527,1,TPD54,29-Registered,postRapalog_Cont/
63,377,126,250,247631,0,ATG9,29-Registered,postRapalog_Cont/
64,281,126,155,318527,1,ATG9,29-Registered,postRapalog_Cont/
65,446,109,337,205586,0,TPD54,31-Registered,postRapalog_Cont/
66,199,109,89,389799,1,TPD54,31-Registered,postRapalog_Cont/
67,309,122,187,205586,0,ATG9,31-Registered,postRapalog_Cont/
68,246,122,124,389799,1,ATG9,31-Registered,postRapalog_Cont/
69,545,110,435,227482,0,TPD54,32-Registered,postRapalog_Cont/
70,241,110,131,345446,1,TPD54,32-Registered,postRapalog_Cont/
71,339,122,217,227482,0,ATG9,32-Registered,postRapalog_Cont/
72,244,122,122,345446,1,ATG9,32-Registered,postRapalog_Cont/
73,409,107,302,264730,0,TPD54,36-Registered,postRapalog_Cont/
74,213,107,106,322319,1,TPD54,36-Registered,postRapalog_Cont/
75,331,116,216,264730,0,ATG9,36-Registered,postRapalog_Cont/
76,241,116,126,322319,1,ATG9,36-Registered,postRapalog_Cont/
77,259,111,149,201431,0,TPD54,37-Registered,postRapalog_Cont/
78,142,111,31,248992,1,TPD54,37-Registered,postRapalog_Cont/
79,314,117,197,201431,0,ATG9,37-Registered,postRapalog_Cont/
80,227,117,110,248992,1,ATG9,37-Registered,postRapalog_Cont/
81,370,109,261,113775,0,TPD54,38-Registered,postRapalog_Cont/
82,184,109,75,259508,1,TPD54,38-Registered,postRapalog_Cont/
83,326,117,209,113775,0,ATG9,38-Registered,postRapalog_Cont/
84,237,117,120,259508,1,ATG9,38-Registered,postRapalog_Cont/
85,507,108,399,205372,0,TPD54,39-Registered,postRapalog_Cont/
86,174,108,66,296020,1,TPD54,39-Registered,postRapalog_Cont/
87,259,117,142,205372,0,ATG9,39-Registered,postRapalog_Cont/
88,190,117,73,296020,1,ATG9,39-Registered,postRapalog_Cont/
89,341,107,234,229948,0,TPD54,40-Registered,postRapalog_Cont/
90,171,107,63,340520,1,TPD54,40-Registered,postRapalog_Cont/
91,269,117,151,229948,0,ATG9,40-Registered,postRapalog_Cont/
92,194,117,76,340520,1,ATG9,40-Registered,postRapalog_Cont/
93,480,108,372,201938,0,TPD54,41-Registered,postRapalog_Cont/
94,200,108,92,257553,1,TPD54,41-Registered,postRapalog_Cont/
95,302,118,184,201938,0,ATG9,41-Registered,postRapalog_Cont/
96,209,118,91,257553,1,ATG9,41-Registered,postRapalog_Cont/
97,563,111,452,172574,0,TPD54,43-Registered,postRapalog_Cont/
98,249,111,138,246962,1,TPD54,43-Registered,postRapalog_Cont/
99,385,119,266,172574,0,ATG9,43-Registered,postRapalog_Cont/
100,268,119,149,246962,1,ATG9,43-Registered,postRapalog_Cont/
101,501,110,390,156420,0,TPD54,44-Registered,postRapalog_Cont/
102,212,110,102,305127,1,TPD54,44-Registered,postRapalog_Cont/
103,309,118,191,156420,0,ATG9,44-Registered,postRapalog_Cont/
104,236,118,118,305127,1,ATG9,44-Registered,postRapalog_Cont/
105,380,110,270,256030,0,TPD54,45-Registered,postRapalog_Cont/
106,203,110,93,253655,1,TPD54,45-Registered,postRapalog_Cont/
107,333,122,211,256030,0,ATG9,45-Registered,postRapalog_Cont/
108,250,122,128,253655,1,ATG9,45-Registered,postRapalog_Cont/
109,323,109,215,84627,0,TPD54,47-Registered,postRapalog_Cont/
110,159,109,51,164091,1,TPD54,47-Registered,postRapalog_Cont/
111,295,114,181,84627,0,ATG9,47-Registered,postRapalog_Cont/
112,232,114,118,164091,1,ATG9,47-Registered,postRapalog_Cont/
113,301,111,190,288425,0,TPD54,04-Registered,postRapalog_Mut/
114,147,111,36,331169,1,TPD54,04-Registered,postRapalog_Mut/
115,316,139,176,288425,0,ATG9,04-Registered,postRapalog_Mut/
116,254,139,114,331169,1,ATG9,04-Registered,postRapalog_Mut/
117,1047,116,931,187317,0,TPD54,05-Registered,postRapalog_Mut/
118,273,116,157,279377,1,TPD54,05-Registered,postRapalog_Mut/
119,323,147,177,187317,0,ATG9,05-Registered,postRapalog_Mut/
120,267,147,120,279377,1,ATG9,05-Registered,postRapalog_Mut/
121,1412,109,1303,109164,0,TPD54,06-Registered,postRapalog_Mut/
122,453,109,344,164462,1,TPD54,06-Registered,postRapalog_Mut/
123,356,128,227,109164,0,ATG9,06-Registered,postRapalog_Mut/
124,307,128,178,164462,1,ATG9,06-Registered,postRapalog_Mut/
125,493,113,379,284635,0,TPD54,07-Registered,postRapalog_Mut/
126,210,113,97,355079,1,TPD54,07-Registered,postRapalog_Mut/
127,323,143,180,284635,0,ATG9,07-Registered,postRapalog_Mut/
128,250,143,107,355079,1,ATG9,07-Registered,postRapalog_Mut/
129,831,111,720,175448,0,TPD54,09-Registered,postRapalog_Mut/
130,230,111,120,298342,1,TPD54,09-Registered,postRapalog_Mut/
131,357,134,223,175448,0,ATG9,09-Registered,postRapalog_Mut/
132,288,134,154,298342,1,ATG9,09-Registered,postRapalog_Mut/
133,394,109,285,161810,0,TPD54,10-Registered,postRapalog_Mut/
134,161,109,52,229289,1,TPD54,10-Registered,postRapalog_Mut/
135,367,139,228,161810,0,ATG9,10-Registered,postRapalog_Mut/
136,311,139,171,229289,1,ATG9,10-Registered,postRapalog_Mut/
137,994,108,886,175966,0,TPD54,11-Registered,postRapalog_Mut/
138,262,108,154,299835,1,TPD54,11-Registered,postRapalog_Mut/
139,439,142,297,175966,0,ATG9,11-Registered,postRapalog_Mut/
140,328,142,186,299835,1,ATG9,11-Registered,postRapalog_Mut/
141,512,107,405,160031,0,TPD54,12-Registered,postRapalog_Mut/
142,165,107,58,292594,1,TPD54,12-Registered,postRapalog_Mut/
143,269,123,146,160031,0,ATG9,12-Registered,postRapalog_Mut/
144,217,123,94,292594,1,ATG9,12-Registered,postRapalog_Mut/
145,735,108,627,59574,0,TPD54,14-Registered,postRapalog_Mut/
146,238,108,130,114073,1,TPD54,14-Registered,postRapalog_Mut/
147,319,125,195,59574,0,ATG9,14-Registered,postRapalog_Mut/
148,234,125,109,114073,1,ATG9,14-Registered,postRapalog_Mut/
149,479,108,371,62000,0,TPD54,15-Registered,postRapalog_Mut/
150,157,108,50,124474,1,TPD54,15-Registered,postRapalog_Mut/
151,269,124,145,62000,0,ATG9,15-Registered,postRapalog_Mut/
152,222,124,98,124474,1,ATG9,15-Registered,postRapalog_Mut/
153,1088,109,979,69947,0,TPD54,16-Registered,postRapalog_Mut/
154,232,109,122,139903,1,TPD54,16-Registered,postRapalog_Mut/
155,279,133,146,69947,0,ATG9,16-Registered,postRapalog_Mut/
156,216,133,83,139903,1,ATG9,16-Registered,postRapalog_Mut/
157,1356,113,1243,118948,0,TPD54,17-Registered,postRapalog_Mut/
158,436,113,323,284612,1,TPD54,17-Registered,postRapalog_Mut/
159,299,145,154,118948,0,ATG9,17-Registered,postRapalog_Mut/
160,245,145,100,284612,1,ATG9,17-Registered,postRapalog_Mut/
161,328,107,221,225907,0,TPD54,20-Registered,postRapalog_Mut/
162,129,107,21,226141,1,TPD54,20-Registered,postRapalog_Mut/
163,292,130,162,225907,0,ATG9,20-Registered,postRapalog_Mut/
164,218,130,88,226141,1,ATG9,20-Registered,postRapalog_Mut/
165,369,107,262,148522,0,TPD54,21-Registered,postRapalog_Mut/
166,149,107,41,235934,1,TPD54,21-Registered,postRapalog_Mut/
167,318,126,192,148522,0,ATG9,21-Registered,postRapalog_Mut/
168,264,126,138,235934,1,ATG9,21-Registered,postRapalog_Mut/
169,575,105,470,219316,0,TPD54,22-Registered,postRapalog_Mut/
170,196,105,90,312657,1,TPD54,22-Registered,postRapalog_Mut/
171,295,124,171,219316,0,ATG9,22-Registered,postRapalog_Mut/
172,236,124,112,312657,1,ATG9,22-Registered,postRapalog_Mut/
173,236,106,130,187237,0,TPD54,23-Registered,postRapalog_Mut/
174,131,106,25,355794,1,TPD54,23-Registered,postRapalog_Mut/
175,258,132,126,187237,0,ATG9,23-Registered,postRapalog_Mut/
176,211,132,80,355794,1,ATG9,23-Registered,postRapalog_Mut/
177,314,107,207,82486,0,TPD54,24-Registered,postRapalog_Mut/
178,135,107,28,156934,1,TPD54,24-Registered,postRapalog_Mut/
179,255,130,125,82486,0,ATG9,24-Registered,postRapalog_Mut/
180,200,130,70,156934,1,ATG9,24-Registered,postRapalog_Mut/
181,265,108,158,87802,0,TPD54,25-Registered,postRapalog_Mut/
182,139,108,31,78194,1,TPD54,25-Registered,postRapalog_Mut/
183,332,126,206,87802,0,ATG9,25-Registered,postRapalog_Mut/
184,256,126,130,78194,1,ATG9,25-Registered,postRapalog_Mut/
185,1290,108,1182,56585,0,TPD54,26-Registered,postRapalog_Mut/
186,334,108,226,115270,1,TPD54,26-Registered,postRapalog_Mut/
187,342,122,220,56585,0,ATG9,26-Registered,postRapalog_Mut/
188,241,122,118,115270,1,ATG9,26-Registered,postRapalog_Mut/
189,584,109,475,100685,0,TPD54,27-Registered,postRapalog_Mut/
190,186,109,77,215365,1,TPD54,27-Registered,postRapalog_Mut/
191,362,124,237,100685,0,ATG9,27-Registered,postRapalog_Mut/
192,284,124,159,215365,1,ATG9,27-Registered,postRapalog_Mut/
193,1138,114,1025,191890,0,TPD54,28-Registered,postRapalog_Mut/
194,308,114,194,231768,1,TPD54,28-Registered,postRapalog_Mut/
195,342,123,219,191890,0,ATG9,28-Registered,postRapalog_Mut/
196,254,123,131,231768,1,ATG9,28-Registered,postRapalog_Mut/
197,886,109,777,136932,0,TPD54,29-Registered,postRapalog_Mut/
198,339,109,229,283896,1,TPD54,29-Registered,postRapalog_Mut/
199,264,129,135,136932,0,ATG9,29-Registered,postRapalog_Mut/
200,233,129,104,283896,1,ATG9,29-Registered,postRapalog_Mut/
201,988,109,879,145568,0,TPD54,30-Registered,postRapalog_Mut/
202,294,109,185,229498,1,TPD54,30-Registered,postRapalog_Mut/
203,378,132,247,145568,0,ATG9,30-Registered,postRapalog_Mut/
204,290,132,159,229498,1,ATG9,30-Registered,postRapalog_Mut/
205,567,110,457,167084,0,TPD54,31-Registered,postRapalog_Mut/
206,241,110,131,264643,1,TPD54,31-Registered,postRapalog_Mut/
207,379,139,240,167084,0,ATG9,31-Registered,postRapalog_Mut/
208,298,139,159,264643,1,ATG9,31-Registered,postRapalog_Mut/
209,839,106,732,65105,0,TPD54,32-Registered,postRapalog_Mut/
210,308,106,202,145606,1,TPD54,32-Registered,postRapalog_Mut/
211,377,129,248,65105,0,ATG9,32-Registered,postRapalog_Mut/
212,310,129,181,145606,1,ATG9,32-Registered,postRapalog_Mut/
213,642,106,536,147696,0,TPD54,33-Registered,postRapalog_Mut/
214,174,106,68,276490,1,TPD54,33-Registered,postRapalog_Mut/
215,329,134,195,147696,0,ATG9,33-Registered,postRapalog_Mut/
216,274,134,141,276490,1,ATG9,33-Registered,postRapalog_Mut/
217,802,111,691,159370,0,TPD54,34-Registered,postRapalog_Mut/
218,211,111,100,269364,1,TPD54,34-Registered,postRapalog_Mut/
219,287,149,138,159370,0,ATG9,34-Registered,postRapalog_Mut/
220,243,149,94,269364,1,ATG9,34-Registered,postRapalog_Mut/
221,709,108,601,206661,0,TPD54,35-Registered,postRapalog_Mut/
222,246,108,138,279215,1,TPD54,35-Registered,postRapalog_Mut/
223,432,148,284,206661,0,ATG9,35-Registered,postRapalog_Mut/
224,339,148,191,279215,1,ATG9,35-Registered,postRapalog_Mut/
225,750,108,642,270477,0,TPD54,36-Registered,postRapalog_Mut/
226,250,108,142,278553,1,TPD54,36-Registered,postRapalog_Mut/
227,381,139,242,270477,0,ATG9,36-Registered,postRapalog_Mut/
228,296,139,157,278553,1,ATG9,36-Registered,postRapalog_Mut/
229,749,109,641,194839,0,TPD54,37-Registered,postRapalog_Mut/
230,258,109,149,254147,1,TPD54,37-Registered,postRapalog_Mut/
231,374,138,237,194839,0,ATG9,37-Registered,postRapalog_Mut/
232,285,138,148,254147,1,ATG9,37-Registered,postRapalog_Mut/
233,720,108,611,242685,0,TPD54,38-Registered,postRapalog_Mut/
234,227,108,119,300107,1,TPD54,38-Registered,postRapalog_Mut/
235,365,137,228,242685,0,ATG9,38-Registered,postRapalog_Mut/
236,284,137,147,300107,1,ATG9,38-Registered,postRapalog_Mut/
237,530,108,422,218395,0,TPD54,39-Registered,postRapalog_Mut/
238,236,108,128,333137,1,TPD54,39-Registered,postRapalog_Mut/
239,374,126,249,218395,0,ATG9,39-Registered,postRapalog_Mut/
240,282,126,156,333137,1,ATG9,39-Registered,postRapalog_Mut/
241,320,109,211,157302,0,TPD54,40-Registered,postRapalog_Mut/
242,150,109,40,167576,1,TPD54,40-Registered,postRapalog_Mut/
243,307,135,172,157302,0,ATG9,40-Registered,postRapalog_Mut/
244,237,135,102,167576,1,ATG9,40-Registered,postRapalog_Mut/
245,755,109,646,131478,0,TPD54,41-Registered,postRapalog_Mut/
246,238,109,128,199545,1,TPD54,41-Registered,postRapalog_Mut/
247,395,139,256,131478,0,ATG9,41-Registered,postRapalog_Mut/
248,275,139,135,199545,1,ATG9,41-Registered,postRapalog_Mut/
249,388,110,278,188920,0,TPD54,42-Registered,postRapalog_Mut/
250,166,110,56,205955,1,TPD54,42-Registered,postRapalog_Mut/
251,405,140,265,188920,0,ATG9,42-Registered,postRapalog_Mut/
252,290,140,151,205955,1,ATG9,42-Registered,postRapalog_Mut/
253,884,109,774,312970,0,TPD54,44-Registered,postRapalog_Mut/
254,340,109,230,323383,1,TPD54,44-Registered,postRapalog_Mut/
255,327,132,196,312970,0,ATG9,44-Registered,postRapalog_Mut/
256,263,132,132,323383,1,ATG9,44-Registered,postRapalog_Mut/
257,1185,107,1078,91298,0,TPD54,46-Registered,postRapalog_Mut/
258,287,107,180,179330,1,TPD54,46-Registered,postRapalog_Mut/
259,321,129,192,91298,0,ATG9,46-Registered,postRapalog_Mut/
260,229,129,100,179330,1,ATG9,46-Registered,postRapalog_Mut/
261,782,109,673,140679,0,TPD54,49-Registered,postRapalog_Mut/
262,218,109,109,233604,1,TPD54,49-Registered,postRapalog_Mut/
263,302,126,176,140679,0,ATG9,49-Registered,postRapalog_Mut/
264,222,126,96,233604,1,ATG9,49-Registered,postRapalog_Mut/
265,459,107,352,162714,0,TPD54,51-Registered,postRapalog_Mut/
266,163,107,56,214099,1,TPD54,51-Registered,postRapalog_Mut/
267,351,119,232,162714,0,ATG9,51-Registered,postRapalog_Mut/
268,231,119,112,214099,1,ATG9,51-Registered,postRapalog_Mut/
269,211,106,105,216546,0,TPD54,52-Registered,postRapalog_Mut/
270,125,106,19,269439,1,TPD54,52-Registered,postRapalog_Mut/
271,337,121,216,216546,0,ATG9,52-Registered,postRapalog_Mut/
272,240,121,119,269439,1,ATG9,52-Registered,postRapalog_Mut/
273,493,109,385,220939,0,TPD54,01-Registered,postRapalog_WT/
274,172,109,64,429733,1,TPD54,01-Registered,postRapalog_WT/
275,594,126,467,220939,0,ATG9,01-Registered,postRapalog_WT/
276,257,126,131,429733,1,ATG9,01-Registered,postRapalog_WT/
277,811,110,702,149575,0,TPD54,03-Registered,postRapalog_WT/
278,239,110,129,233209,1,TPD54,03-Registered,postRapalog_WT/
279,638,141,497,149575,0,ATG9,03-Registered,postRapalog_WT/
280,288,141,147,233209,1,ATG9,03-Registered,postRapalog_WT/
281,592,107,485,106916,0,TPD54,04-Registered,postRapalog_WT/
282,159,107,52,226145,1,TPD54,04-Registered,postRapalog_WT/
283,494,126,368,106916,0,ATG9,04-Registered,postRapalog_WT/
284,217,126,91,226145,1,ATG9,04-Registered,postRapalog_WT/
285,639,108,531,130793,0,TPD54,05-Registered,postRapalog_WT/
286,162,108,55,277457,1,TPD54,05-Registered,postRapalog_WT/
287,472,127,345,130793,0,ATG9,05-Registered,postRapalog_WT/
288,238,127,111,277457,1,ATG9,05-Registered,postRapalog_WT/
289,484,111,373,181520,0,TPD54,06-Registered,postRapalog_WT/
290,149,111,39,337970,1,TPD54,06-Registered,postRapalog_WT/
291,416,130,286,181520,0,ATG9,06-Registered,postRapalog_WT/
292,234,130,104,337970,1,ATG9,06-Registered,postRapalog_WT/
293,334,107,227,128965,0,TPD54,07-Registered,postRapalog_WT/
294,136,107,30,248005,1,TPD54,07-Registered,postRapalog_WT/
295,436,130,306,128965,0,ATG9,07-Registered,postRapalog_WT/
296,228,130,98,248005,1,ATG9,07-Registered,postRapalog_WT/
297,541,109,431,207455,0,TPD54,08-Registered,postRapalog_WT/
298,171,109,62,365824,1,TPD54,08-Registered,postRapalog_WT/
299,557,145,413,207455,0,ATG9,08-Registered,postRapalog_WT/
300,273,145,129,365824,1,ATG9,08-Registered,postRapalog_WT/
301,502,127,375,265479,0,TPD54,09-Registered,postRapalog_WT/
302,203,127,77,354918,1,TPD54,09-Registered,postRapalog_WT/
303,655,176,479,265479,0,ATG9,09-Registered,postRapalog_WT/
304,367,176,191,354918,1,ATG9,09-Registered,postRapalog_WT/
305,406,108,297,171239,0,TPD54,11-Registered,postRapalog_WT/
306,158,108,50,254920,1,TPD54,11-Registered,postRapalog_WT/
307,501,124,378,171239,0,ATG9,11-Registered,postRapalog_WT/
308,228,124,104,254920,1,ATG9,11-Registered,postRapalog_WT/
309,320,107,212,65741,0,TPD54,12-Registered,postRapalog_WT/
310,133,107,26,116163,1,TPD54,12-Registered,postRapalog_WT/
311,608,117,491,65741,0,ATG9,12-Registered,postRapalog_WT/
312,246,117,129,116163,1,ATG9,12-Registered,postRapalog_WT/
313,569,109,460,62804,0,TPD54,13-Registered,postRapalog_WT/
314,148,109,39,127754,1,TPD54,13-Registered,postRapalog_WT/
315,473,126,347,62804,0,ATG9,13-Registered,postRapalog_WT/
316,228,126,102,127754,1,ATG9,13-Registered,postRapalog_WT/
317,437,108,329,182327,0,TPD54,14-Registered,postRapalog_WT/
318,142,108,34,334163,1,TPD54,14-Registered,postRapalog_WT/
319,393,117,276,182327,0,ATG9,14-Registered,postRapalog_WT/
320,208,117,91,334163,1,ATG9,14-Registered,postRapalog_WT/
321,590,109,481,183048,0,TPD54,15-Registered,postRapalog_WT/
322,166,109,58,298020,1,TPD54,15-Registered,postRapalog_WT/
323,472,120,352,183048,0,ATG9,15-Registered,postRapalog_WT/
324,218,120,98,298020,1,ATG9,15-Registered,postRapalog_WT/
325,596,108,488,55926,0,TPD54,16-Registered,postRapalog_WT/
326,193,108,85,129789,1,TPD54,16-Registered,postRapalog_WT/
327,605,118,487,55926,0,ATG9,16-Registered,postRapalog_WT/
328,256,118,139,129789,1,ATG9,16-Registered,postRapalog_WT/
329,453,108,346,97718,0,TPD54,17-Registered,postRapalog_WT/
330,145,108,37,170908,1,TPD54,17-Registered,postRapalog_WT/
331,595,119,476,97718,0,ATG9,17-Registered,postRapalog_WT/
332,244,119,125,170908,1,ATG9,17-Registered,postRapalog_WT/
333,807,107,700,44566,0,TPD54,18-Registered,postRapalog_WT/
334,195,107,88,117168,1,TPD54,18-Registered,postRapalog_WT/
335,751,118,634,44566,0,ATG9,18-Registered,postRapalog_WT/
336,260,118,143,117168,1,ATG9,18-Registered,postRapalog_WT/
337,951,109,842,86007,0,TPD54,21-Registered,postRapalog_WT/
338,168,109,59,168971,1,TPD54,21-Registered,postRapalog_WT/
339,635,123,513,86007,0,ATG9,21-Registered,postRapalog_WT/
340,249,123,126,168971,1,ATG9,21-Registered,postRapalog_WT/
341,541,110,431,67433,0,TPD54,23-Registered,postRapalog_WT/
342,145,110,35,119247,1,TPD54,23-Registered,postRapalog_WT/
343,508,120,388,67433,0,ATG9,23-Registered,postRapalog_WT/
344,207,120,87,119247,1,ATG9,23-Registered,postRapalog_WT/
345,1344,110,1234,128628,0,TPD54,27-Registered,postRapalog_WT/
346,268,110,158,230231,1,TPD54,27-Registered,postRapalog_WT/
347,563,118,445,128628,0,ATG9,27-Registered,postRapalog_WT/
348,249,118,131,230231,1,ATG9,27-Registered,postRapalog_WT/
349,702,110,592,193968,0,TPD54,28-Registered,postRapalog_WT/
350,164,110,54,324252,1,TPD54,28-Registered,postRapalog_WT/
351,531,129,403,193968,0,ATG9,28-Registered,postRapalog_WT/
352,249,129,120,324252,1,ATG9,28-Registered,postRapalog_WT/
353,1238,110,1127,149203,0,TPD54,29-Registered,postRapalog_WT/
354,204,110,94,258542,1,TPD54,29-Registered,postRapalog_WT/
355,656,127,529,149203,0,ATG9,29-Registered,postRapalog_WT/
356,274,127,147,258542,1,ATG9,29-Registered,postRapalog_WT/
357,815,110,705,105659,0,TPD54,30-Registered,postRapalog_WT/
358,163,110,54,167794,1,TPD54,30-Registered,postRapalog_WT/
359,533,122,410,105659,0,ATG9,30-Registered,postRapalog_WT/
360,221,122,98,167794,1,ATG9,30-Registered,postRapalog_WT/
361,666,111,554,127759,0,TPD54,31-Registered,postRapalog_WT/
362,182,111,71,210152,1,TPD54,31-Registered,postRapalog_WT/
363,608,138,469,127759,0,ATG9,31-Registered,postRapalog_WT/
364,283,138,145,210152,1,ATG9,31-Registered,postRapalog_WT/
365,755,110,645,109411,0,TPD54,32-Registered,postRapalog_WT/
366,181,110,71,242039,1,TPD54,32-Registered,postRapalog_WT/
367,701,147,554,109411,0,ATG9,32-Registered,postRapalog_WT/
368,256,147,109,242039,1,ATG9,32-Registered,postRapalog_WT/
369,652,112,541,91883,0,TPD54,35-Registered,postRapalog_WT/
370,160,112,48,145368,1,TPD54,35-Registered,postRapalog_WT/
371,445,133,311,91883,0,ATG9,35-Registered,postRapalog_WT/
372,229,133,96,145368,1,ATG9,35-Registered,postRapalog_WT/
373,774,109,665,160690,0,TPD54,37-Registered,postRapalog_WT/
374,180,109,71,255833,1,TPD54,37-Registered,postRapalog_WT/
375,612,125,487,160690,0,ATG9,37-Registered,postRapalog_WT/
376,250,125,125,255833,1,ATG9,37-Registered,postRapalog_WT/
377,831,109,721,94171,0,TPD54,38-Registered,postRapalog_WT/
378,184,109,75,193175,1,TPD54,38-Registered,postRapalog_WT/
379,590,122,468,94171,0,ATG9,38-Registered,postRapalog_WT/
380,245,122,122,193175,1,ATG9,38-Registered,postRapalog_WT/
381,544,110,433,182695,0,TPD54,40-Registered,postRapalog_WT/
382,179,110,68,435058,1,TPD54,40-Registered,postRapalog_WT/
383,495,125,370,182695,0,ATG9,40-Registered,postRapalog_WT/
384,281,125,155,435058,1,ATG9,40-Registered,postRapalog_WT/
385,628,110,518,156880,0,TPD54,41-Registered,postRapalog_WT/
386,185,110,75,298346,1,TPD54,41-Registered,postRapalog_WT/
387,510,125,385,156880,0,ATG9,41-Registered,postRapalog_WT/
388,253,125,128,298346,1,ATG9,41-Registered,postRapalog_WT/
389,363,108,255,259186,0,TPD54,42-Registered,postRapalog_WT/
390,154,108,46,326628,1,TPD54,42-Registered,postRapalog_WT/
391,448,125,323,259186,0,ATG9,42-Registered,postRapalog_WT/
392,223,125,98,326628,1,ATG9,42-Registered,postRapalog_WT/
393,667,112,556,159490,0,TPD54,43-Registered,postRapalog_WT/
394,186,112,74,225420,1,TPD54,43-Registered,postRapalog_WT/
395,626,129,497,159490,0,ATG9,43-Registered,postRapalog_WT/
396,249,129,120,225420,1,ATG9,43-Registered,postRapalog_WT/
397,867,112,755,309664,0,TPD54,44-Registered,postRapalog_WT/
398,169,112,57,389752,1,TPD54,44-Registered,postRapalog_WT/
399,537,125,413,309664,0,ATG9,44-Registered,postRapalog_WT/
400,230,125,105,389752,1,ATG9,44-Registered,postRapalog_WT/
401,597,114,483,74548,0,TPD54,45-Registered,postRapalog_WT/
402,155,114,41,117317,1,TPD54,45-Registered,postRapalog_WT/
403,397,137,260,74548,0,ATG9,45-Registered,postRapalog_WT/
404,198,137,61,117317,1,ATG9,45-Registered,postRapalog_WT/
405,634,112,522,63748,0,TPD54,46-Registered,postRapalog_WT/
406,167,112,55,117991,1,TPD54,46-Registered,postRapalog_WT/
407,527,135,392,63748,0,ATG9,46-Registered,postRapalog_WT/
408,223,135,88,117991,1,ATG9,46-Registered,postRapalog_WT/
409,451,107,343,58471,0,TPD54,48-Registered,postRapalog_WT/
410,152,107,45,86752,1,TPD54,48-Registered,postRapalog_WT/
411,437,117,319,58471,0,ATG9,48-Registered,postRapalog_WT/
412,216,117,99,86752,1,ATG9,48-Registered,postRapalog_WT/
413,451,110,341,203781,0,TPD54,49-Registered,postRapalog_WT/
414,142,110,32,325351,1,TPD54,49-Registered,postRapalog_WT/
415,475,130,346,203781,0,ATG9,49-Registered,postRapalog_WT/
416,221,130,91,325351,1,ATG9,49-Registered,postRapalog_WT/
417,906,109,797,70888,0,TPD54,50-Registered,postRapalog_WT/
418,175,109,66,91589,1,TPD54,50-Registered,postRapalog_WT/
419,492,123,369,70888,0,ATG9,50-Registered,postRapalog_WT/
420,226,123,103,91589,1,ATG9,50-Registered,postRapalog_WT/
421,316,109,207,152935,0,TPD54,51-Registered,postRapalog_WT/
422,133,109,25,262723,1,TPD54,51-Registered,postRapalog_WT/
423,386,128,258,152935,0,ATG9,51-Registered,postRapalog_WT/
424,198,128,71,262723,1,ATG9,51-Registered,postRapalog_WT/
425,896,114,782,238839,0,TPD54,52-Registered,postRapalog_WT/
426,226,114,112,382346,1,TPD54,52-Registered,postRapalog_WT/
427,580,153,426,238839,0,ATG9,52-Registered,postRapalog_WT/
428,326,153,173,382346,1,ATG9,52-Registered,postRapalog_WT/
429,348,112,236,241259,0,TPD54,01-Registered,preRapalog_Cont/
430,324,112,212,401437,1,TPD54,01-Registered,preRapalog_Cont/
431,349,129,220,241259,0,ATG9,01-Registered,preRapalog_Cont/
432,249,129,120,401437,1,ATG9,01-Registered,preRapalog_Cont/
433,317,114,204,173271,0,TPD54,04-Registered,preRapalog_Cont/
434,255,114,142,278643,1,TPD54,04-Registered,preRapalog_Cont/
435,313,117,196,173271,0,ATG9,04-Registered,preRapalog_Cont/
436,238,117,121,278643,1,ATG9,04-Registered,preRapalog_Cont/
437,581,116,464,256506,0,TPD54,07-Registered,preRapalog_Cont/
438,473,116,356,319358,1,TPD54,07-Registered,preRapalog_Cont/
439,348,122,226,256506,0,ATG9,07-Registered,preRapalog_Cont/
440,275,122,153,319358,1,ATG9,07-Registered,preRapalog_Cont/
441,405,116,289,160347,0,TPD54,10-Registered,preRapalog_Cont/
442,352,116,236,362597,1,TPD54,10-Registered,preRapalog_Cont/
443,323,124,199,160347,0,ATG9,10-Registered,preRapalog_Cont/
444,256,124,131,362597,1,ATG9,10-Registered,preRapalog_Cont/
445,453,112,340,203510,0,TPD54,11-Registered,preRapalog_Cont/
446,358,112,245,278691,1,TPD54,11-Registered,preRapalog_Cont/
447,389,124,265,203510,0,ATG9,11-Registered,preRapalog_Cont/
448,299,124,175,278691,1,ATG9,11-Registered,preRapalog_Cont/
449,382,117,265,95169,0,TPD54,12-Registered,preRapalog_Cont/
450,303,117,186,177819,1,TPD54,12-Registered,preRapalog_Cont/
451,256,121,134,95169,0,ATG9,12-Registered,preRapalog_Cont/
452,210,121,89,177819,1,ATG9,12-Registered,preRapalog_Cont/
453,481,115,366,149891,0,TPD54,14-Registered,preRapalog_Cont/
454,323,115,208,272638,1,TPD54,14-Registered,preRapalog_Cont/
455,342,119,223,149891,0,ATG9,14-Registered,preRapalog_Cont/
456,216,119,97,272638,1,ATG9,14-Registered,preRapalog_Cont/
457,601,121,479,279820,0,TPD54,15-Registered,preRapalog_Cont/
458,541,121,420,383248,1,TPD54,15-Registered,preRapalog_Cont/
459,335,127,208,279820,0,ATG9,15-Registered,preRapalog_Cont/
460,252,127,124,383248,1,ATG9,15-Registered,preRapalog_Cont/
461,325,112,213,111115,0,TPD54,17-Registered,preRapalog_Cont/
462,244,112,132,169276,1,TPD54,17-Registered,preRapalog_Cont/
463,304,111,193,111115,0,ATG9,17-Registered,preRapalog_Cont/
464,229,111,118,169276,1,ATG9,17-Registered,preRapalog_Cont/
465,576,112,464,99204,0,TPD54,18-Registered,preRapalog_Cont/
466,436,112,324,155519,1,TPD54,18-Registered,preRapalog_Cont/
467,263,113,150,99204,0,ATG9,18-Registered,preRapalog_Cont/
468,207,113,94,155519,1,ATG9,18-Registered,preRapalog_Cont/
469,610,108,502,127909,0,TPD54,19-Registered,preRapalog_Cont/
470,417,108,309,237186,1,TPD54,19-Registered,preRapalog_Cont/
471,334,115,219,127909,0,ATG9,19-Registered,preRapalog_Cont/
472,238,115,122,237186,1,ATG9,19-Registered,preRapalog_Cont/
473,568,119,449,213550,0,TPD54,20-Registered,preRapalog_Cont/
474,486,119,367,283518,1,TPD54,20-Registered,preRapalog_Cont/
475,451,131,320,213550,0,ATG9,20-Registered,preRapalog_Cont/
476,334,131,203,283518,1,ATG9,20-Registered,preRapalog_Cont/
477,319,115,204,247395,0,TPD54,21-Registered,preRapalog_Cont/
478,284,115,169,352488,1,TPD54,21-Registered,preRapalog_Cont/
479,411,125,286,247395,0,ATG9,21-Registered,preRapalog_Cont/
480,297,125,172,352488,1,ATG9,21-Registered,preRapalog_Cont/
481,238,114,124,441066,0,TPD54,23-Registered,preRapalog_Cont/
482,207,114,93,355216,1,TPD54,23-Registered,preRapalog_Cont/
483,409,130,279,441066,0,ATG9,23-Registered,preRapalog_Cont/
484,307,130,177,355216,1,ATG9,23-Registered,preRapalog_Cont/
485,171,130,41,189544,0,TPD54,24-Registered,preRapalog_Cont/
486,166,130,36,260226,1,TPD54,24-Registered,preRapalog_Cont/
487,344,179,165,189544,0,ATG9,24-Registered,preRapalog_Cont/
488,287,179,108,260226,1,ATG9,24-Registered,preRapalog_Cont/
489,208,109,99,280520,0,TPD54,27-Registered,preRapalog_Cont/
490,194,109,85,425946,1,TPD54,27-Registered,preRapalog_Cont/
491,309,122,187,280520,0,ATG9,27-Registered,preRapalog_Cont/
492,251,122,129,425946,1,ATG9,27-Registered,preRapalog_Cont/
493,672,113,559,147004,0,TPD54,28-Registered,preRapalog_Cont/
494,532,113,419,171199,1,TPD54,28-Registered,preRapalog_Cont/
495,334,122,213,147004,0,ATG9,28-Registered,preRapalog_Cont/
496,253,122,132,171199,1,ATG9,28-Registered,preRapalog_Cont/
497,416,111,305,142085,0,TPD54,35-Registered,preRapalog_Cont/
498,399,111,288,202903,1,TPD54,35-Registered,preRapalog_Cont/
499,316,121,195,142085,0,ATG9,35-Registered,preRapalog_Cont/
500,285,121,163,202903,1,ATG9,35-Registered,preRapalog_Cont/
501,289,109,180,213816,0,TPD54,36-Registered,preRapalog_Cont/
502,221,109,113,204744,1,TPD54,36-Registered,preRapalog_Cont/
503,427,121,306,213816,0,ATG9,36-Registered,preRapalog_Cont/
504,302,121,181,204744,1,ATG9,36-Registered,preRapalog_Cont/
505,289,112,178,246249,0,TPD54,37-Registered,preRapalog_Cont/
506,253,112,142,276051,1,TPD54,37-Registered,preRapalog_Cont/
507,443,133,310,246249,0,ATG9,37-Registered,preRapalog_Cont/
508,358,133,225,276051,1,ATG9,37-Registered,preRapalog_Cont/
509,404,114,289,184179,0,TPD54,38-Registered,preRapalog_Cont/
510,355,114,240,342916,1,TPD54,38-Registered,preRapalog_Cont/
511,367,129,238,184179,0,ATG9,38-Registered,preRapalog_Cont/
512,277,129,148,342916,1,ATG9,38-Registered,preRapalog_Cont/
513,452,112,340,251130,0,TPD54,39-Registered,preRapalog_Cont/
514,395,112,283,356190,1,TPD54,39-Registered,preRapalog_Cont/
515,493,147,346,251130,0,ATG9,39-Registered,preRapalog_Cont/
516,395,147,248,356190,1,ATG9,39-Registered,preRapalog_Cont/
517,337,112,225,249809,0,TPD54,40-Registered,preRapalog_Cont/
518,340,112,228,290420,1,TPD54,40-Registered,preRapalog_Cont/
519,409,132,277,249809,0,ATG9,40-Registered,preRapalog_Cont/
520,328,132,196,290420,1,ATG9,40-Registered,preRapalog_Cont/
521,278,114,164,357594,0,TPD54,41-Registered,preRapalog_Cont/
522,238,114,124,435142,1,TPD54,41-Registered,preRapalog_Cont/
523,432,143,289,357594,0,ATG9,41-Registered,preRapalog_Cont/
524,337,143,194,435142,1,ATG9,41-Registered,preRapalog_Cont/
525,435,114,322,210199,0,TPD54,42-Registered,preRapalog_Cont/
526,361,114,247,265095,1,TPD54,42-Registered,preRapalog_Cont/
527,362,132,230,210199,0,ATG9,42-Registered,preRapalog_Cont/
528,279,132,147,265095,1,ATG9,42-Registered,preRapalog_Cont/
529,447,111,336,168343,0,TPD54,43-Registered,preRapalog_Cont/
530,404,111,293,229283,1,TPD54,43-Registered,preRapalog_Cont/
531,403,127,276,168343,0,ATG9,43-Registered,preRapalog_Cont/
532,333,127,206,229283,1,ATG9,43-Registered,preRapalog_Cont/
533,290,111,179,245668,0,TPD54,44-Registered,preRapalog_Cont/
534,243,111,132,382209,1,TPD54,44-Registered,preRapalog_Cont/
535,340,120,220,245668,0,ATG9,44-Registered,preRapalog_Cont/
536,260,120,139,382209,1,ATG9,44-Registered,preRapalog_Cont/
537,356,112,244,318211,0,TPD54,45-Registered,preRapalog_Cont/
538,289,112,177,340304,1,TPD54,45-Registered,preRapalog_Cont/
539,347,121,226,318211,0,ATG9,45-Registered,preRapalog_Cont/
540,250,121,129,340304,1,ATG9,45-Registered,preRapalog_Cont/
541,345,125,219,329145,0,TPD54,47-Registered,preRapalog_Cont/
542,264,125,139,428371,1,TPD54,47-Registered,preRapalog_Cont/
543,354,142,212,329145,0,ATG9,47-Registered,preRapalog_Cont/
544,273,142,131,428371,1,ATG9,47-Registered,preRapalog_Cont/
545,410,113,297,245308,0,TPD54,48-Registered,preRapalog_Cont/
546,361,113,248,338704,1,TPD54,48-Registered,preRapalog_Cont/
547,417,129,288,245308,0,ATG9,48-Registered,preRapalog_Cont/
548,291,129,161,338704,1,ATG9,48-Registered,preRapalog_Cont/
549,577,114,464,286092,0,TPD54,49-Registered,preRapalog_Cont/
550,592,114,478,322204,1,TPD54,49-Registered,preRapalog_Cont/
551,395,135,260,286092,0,ATG9,49-Registered,preRapalog_Cont/
552,308,135,173,322204,1,ATG9,49-Registered,preRapalog_Cont/
553,349,115,234,217864,0,TPD54,50-Registered,preRapalog_Cont/
554,323,115,208,295258,1,TPD54,50-Registered,preRapalog_Cont/
555,555,140,414,217864,0,ATG9,50-Registered,preRapalog_Cont/
556,432,140,292,295258,1,ATG9,50-Registered,preRapalog_Cont/
557,507,109,398,116785,0,TPD54,01-Registered,preRapalog_Mut/
558,388,109,279,156370,1,TPD54,01-Registered,preRapalog_Mut/
559,433,122,311,116785,0,ATG9,01-Registered,preRapalog_Mut/
560,319,122,197,156370,1,ATG9,01-Registered,preRapalog_Mut/
561,468,110,358,137951,0,TPD54,02-Registered,preRapalog_Mut/
562,400,110,290,213683,1,TPD54,02-Registered,preRapalog_Mut/
563,386,135,251,137951,0,ATG9,02-Registered,preRapalog_Mut/
564,336,135,201,213683,1,ATG9,02-Registered,preRapalog_Mut/
565,474,112,362,244539,0,TPD54,03-Registered,preRapalog_Mut/
566,370,112,258,288957,1,TPD54,03-Registered,preRapalog_Mut/
567,397,125,272,244539,0,ATG9,03-Registered,preRapalog_Mut/
568,294,125,169,288957,1,ATG9,03-Registered,preRapalog_Mut/
569,355,110,245,141524,0,TPD54,04-Registered,preRapalog_Mut/
570,276,110,167,248777,1,TPD54,04-Registered,preRapalog_Mut/
571,313,118,195,141524,0,ATG9,04-Registered,preRapalog_Mut/
572,237,118,119,248777,1,ATG9,04-Registered,preRapalog_Mut/
573,472,109,363,95164,0,TPD54,05-Registered,preRapalog_Mut/
574,393,109,284,169793,1,TPD54,05-Registered,preRapalog_Mut/
575,312,116,196,95164,0,ATG9,05-Registered,preRapalog_Mut/
576,271,116,155,169793,1,ATG9,05-Registered,preRapalog_Mut/
577,492,117,375,170768,0,TPD54,09-Registered,preRapalog_Mut/
578,417,117,300,284678,1,TPD54,09-Registered,preRapalog_Mut/
579,305,118,187,170768,0,ATG9,09-Registered,preRapalog_Mut/
580,252,118,134,284678,1,ATG9,09-Registered,preRapalog_Mut/
581,476,108,368,194466,0,TPD54,10-Registered,preRapalog_Mut/
582,395,108,287,302320,1,TPD54,10-Registered,preRapalog_Mut/
583,269,115,155,194466,0,ATG9,10-Registered,preRapalog_Mut/
584,228,115,113,302320,1,ATG9,10-Registered,preRapalog_Mut/
585,446,113,333,119154,0,TPD54,12-Registered,preRapalog_Mut/
586,340,113,227,208381,1,TPD54,12-Registered,preRapalog_Mut/
587,472,138,334,119154,0,ATG9,12-Registered,preRapalog_Mut/
588,401,138,263,208381,1,ATG9,12-Registered,preRapalog_Mut/
589,334,118,216,169675,0,TPD54,15-Registered,preRapalog_Mut/
590,289,118,171,190885,1,TPD54,15-Registered,preRapalog_Mut/
591,308,117,190,169675,0,ATG9,15-Registered,preRapalog_Mut/
592,256,117,138,190885,1,ATG9,15-Registered,preRapalog_Mut/
593,369,118,252,76818,0,TPD54,17-Registered,preRapalog_Mut/
594,296,118,178,96122,1,TPD54,17-Registered,preRapalog_Mut/
595,399,130,269,76818,0,ATG9,17-Registered,preRapalog_Mut/
596,291,130,160,96122,1,ATG9,17-Registered,preRapalog_Mut/
597,384,115,269,245984,0,TPD54,18-Registered,preRapalog_Mut/
598,300,115,185,273436,1,TPD54,18-Registered,preRapalog_Mut/
599,303,118,185,245984,0,ATG9,18-Registered,preRapalog_Mut/
600,233,118,115,273436,1,ATG9,18-Registered,preRapalog_Mut/
601,456,112,344,148518,0,TPD54,19-Registered,preRapalog_Mut/
602,368,112,255,217590,1,TPD54,19-Registered,preRapalog_Mut/
603,392,124,268,148518,0,ATG9,19-Registered,preRapalog_Mut/
604,277,124,153,217590,1,ATG9,19-Registered,preRapalog_Mut/
605,715,116,598,244947,0,TPD54,20-Registered,preRapalog_Mut/
606,580,116,464,365422,1,TPD54,20-Registered,preRapalog_Mut/
607,416,134,282,244947,0,ATG9,20-Registered,preRapalog_Mut/
608,302,134,168,365422,1,ATG9,20-Registered,preRapalog_Mut/
609,477,114,363,173039,0,TPD54,21-Registered,preRapalog_Mut/
610,364,114,251,263291,1,TPD54,21-Registered,preRapalog_Mut/
611,388,127,261,173039,0,ATG9,21-Registered,preRapalog_Mut/
612,283,127,156,263291,1,ATG9,21-Registered,preRapalog_Mut/
613,366,110,257,396988,0,TPD54,24-Registered,preRapalog_Mut/
614,280,110,170,510765,1,TPD54,24-Registered,preRapalog_Mut/
615,282,123,159,396988,0,ATG9,24-Registered,preRapalog_Mut/
616,238,123,115,510765,1,ATG9,24-Registered,preRapalog_Mut/
617,268,107,161,137595,0,TPD54,25-Registered,preRapalog_Mut/
618,205,107,98,210400,1,TPD54,25-Registered,preRapalog_Mut/
619,304,119,185,137595,0,ATG9,25-Registered,preRapalog_Mut/
620,225,119,106,210400,1,ATG9,25-Registered,preRapalog_Mut/
621,414,109,305,108015,0,TPD54,26-Registered,preRapalog_Mut/
622,360,109,250,138728,1,TPD54,26-Registered,preRapalog_Mut/
623,348,114,234,108015,0,ATG9,26-Registered,preRapalog_Mut/
624,265,114,150,138728,1,ATG9,26-Registered,preRapalog_Mut/
625,234,108,127,174337,0,TPD54,27-Registered,preRapalog_Mut/
626,180,108,73,214931,1,TPD54,27-Registered,preRapalog_Mut/
627,282,118,164,174337,0,ATG9,27-Registered,preRapalog_Mut/
628,210,118,92,214931,1,ATG9,27-Registered,preRapalog_Mut/
629,383,109,273,103634,0,TPD54,29-Registered,preRapalog_Mut/
630,325,109,216,113999,1,TPD54,29-Registered,preRapalog_Mut/
631,334,119,215,103634,0,ATG9,29-Registered,preRapalog_Mut/
632,253,119,134,113999,1,ATG9,29-Registered,preRapalog_Mut/
633,344,106,238,167089,0,TPD54,31-Registered,preRapalog_Mut/
634,260,106,153,216999,1,TPD54,31-Registered,preRapalog_Mut/
635,271,115,157,167089,0,ATG9,31-Registered,preRapalog_Mut/
636,212,115,98,216999,1,ATG9,31-Registered,preRapalog_Mut/
637,310,111,199,89429,0,TPD54,32-Registered,preRapalog_Mut/
638,252,111,141,100983,1,TPD54,32-Registered,preRapalog_Mut/
639,270,126,144,89429,0,ATG9,32-Registered,preRapalog_Mut/
640,214,126,88,100983,1,ATG9,32-Registered,preRapalog_Mut/
641,416,109,307,284343,0,TPD54,33-Registered,preRapalog_Mut/
642,340,109,231,321664,1,TPD54,33-Registered,preRapalog_Mut/
643,334,116,218,284343,0,ATG9,33-Registered,preRapalog_Mut/
644,256,116,140,321664,1,ATG9,33-Registered,preRapalog_Mut/
645,1011,113,898,289081,0,TPD54,35-Registered,preRapalog_Mut/
646,592,113,479,389997,1,TPD54,35-Registered,preRapalog_Mut/
647,343,120,223,289081,0,ATG9,35-Registered,preRapalog_Mut/
648,215,120,95,389997,1,ATG9,35-Registered,preRapalog_Mut/
649,246,109,137,211434,0,TPD54,37-Registered,preRapalog_Mut/
650,191,109,83,266931,1,TPD54,37-Registered,preRapalog_Mut/
651,293,116,178,211434,0,ATG9,37-Registered,preRapalog_Mut/
652,217,116,101,266931,1,ATG9,37-Registered,preRapalog_Mut/
653,297,107,190,229954,0,TPD54,39-Registered,preRapalog_Mut/
654,224,107,117,293044,1,TPD54,39-Registered,preRapalog_Mut/
655,291,114,177,229954,0,ATG9,39-Registered,preRapalog_Mut/
656,215,114,101,293044,1,ATG9,39-Registered,preRapalog_Mut/
657,316,107,209,100810,0,TPD54,41-Registered,preRapalog_Mut/
658,262,107,155,125651,1,TPD54,41-Registered,preRapalog_Mut/
659,287,113,174,100810,0,ATG9,41-Registered,preRapalog_Mut/
660,226,113,113,125651,1,ATG9,41-Registered,preRapalog_Mut/
661,376,109,266,224566,0,TPD54,42-Registered,preRapalog_Mut/
662,313,109,203,233693,1,TPD54,42-Registered,preRapalog_Mut/
663,333,124,209,224566,0,ATG9,42-Registered,preRapalog_Mut/
664,270,124,145,233693,1,ATG9,42-Registered,preRapalog_Mut/
665,330,109,220,188304,0,TPD54,43-Registered,preRapalog_Mut/
666,268,109,159,163743,1,TPD54,43-Registered,preRapalog_Mut/
667,398,129,268,188304,0,ATG9,43-Registered,preRapalog_Mut/
668,289,129,160,163743,1,ATG9,43-Registered,preRapalog_Mut/
669,257,108,149,152714,0,TPD54,44-Registered,preRapalog_Mut/
670,212,108,105,271629,1,TPD54,44-Registered,preRapalog_Mut/
671,327,117,210,152714,0,ATG9,44-Registered,preRapalog_Mut/
672,238,117,121,271629,1,ATG9,44-Registered,preRapalog_Mut/
673,389,107,282,155536,0,TPD54,45-Registered,preRapalog_Mut/
674,302,107,196,215899,1,TPD54,45-Registered,preRapalog_Mut/
675,259,115,145,155536,0,ATG9,45-Registered,preRapalog_Mut/
676,208,115,93,215899,1,ATG9,45-Registered,preRapalog_Mut/
677,238,108,130,180153,0,TPD54,46-Registered,preRapalog_Mut/
678,195,108,87,238714,1,TPD54,46-Registered,preRapalog_Mut/
679,269,117,151,180153,0,ATG9,46-Registered,preRapalog_Mut/
680,203,117,85,238714,1,ATG9,46-Registered,preRapalog_Mut/
681,414,106,308,115122,0,TPD54,47-Registered,preRapalog_Mut/
682,301,106,195,151456,1,TPD54,47-Registered,preRapalog_Mut/
683,341,114,228,115122,0,ATG9,47-Registered,preRapalog_Mut/
684,224,114,110,151456,1,ATG9,47-Registered,preRapalog_Mut/
685,426,111,315,145383,0,TPD54,48-Registered,preRapalog_Mut/
686,325,111,214,160479,1,TPD54,48-Registered,preRapalog_Mut/
687,318,124,194,145383,0,ATG9,48-Registered,preRapalog_Mut/
688,239,124,115,160479,1,ATG9,48-Registered,preRapalog_Mut/
689,293,112,181,129469,0,TPD54,49-Registered,preRapalog_Mut/
690,234,112,122,133932,1,TPD54,49-Registered,preRapalog_Mut/
691,298,125,173,129469,0,ATG9,49-Registered,preRapalog_Mut/
692,249,125,124,133932,1,ATG9,49-Registered,preRapalog_Mut/
693,786,115,671,232160,0,TPD54,50-Registered,preRapalog_Mut/
694,323,115,207,368548,1,TPD54,50-Registered,preRapalog_Mut/
695,266,127,140,232160,0,ATG9,50-Registered,preRapalog_Mut/
696,255,127,128,368548,1,ATG9,50-Registered,preRapalog_Mut/
697,312,107,205,127742,0,TPD54,52-Registered,preRapalog_Mut/
698,251,107,144,102108,1,TPD54,52-Registered,preRapalog_Mut/
699,356,116,239,127742,0,ATG9,52-Registered,preRapalog_Mut/
700,254,116,137,102108,1,ATG9,52-Registered,preRapalog_Mut/
701,337,110,227,118966,0,TPD54,02-Registered,preRapalog_WT/
702,272,110,162,190166,1,TPD54,02-Registered,preRapalog_WT/
703,243,116,127,118966,0,ATG9,02-Registered,preRapalog_WT/
704,197,116,81,190166,1,ATG9,02-Registered,preRapalog_WT/
705,350,110,240,100680,0,TPD54,06-Registered,preRapalog_WT/
706,278,110,168,235265,1,TPD54,06-Registered,preRapalog_WT/
707,301,121,180,100680,0,ATG9,06-Registered,preRapalog_WT/
708,224,121,103,235265,1,ATG9,06-Registered,preRapalog_WT/
709,297,111,186,162437,0,TPD54,07-Registered,preRapalog_WT/
710,206,111,95,248383,1,TPD54,07-Registered,preRapalog_WT/
711,268,113,155,162437,0,ATG9,07-Registered,preRapalog_WT/
712,170,113,57,248383,1,ATG9,07-Registered,preRapalog_WT/
713,240,109,131,159787,0,TPD54,08-Registered,preRapalog_WT/
714,187,109,79,224903,1,TPD54,08-Registered,preRapalog_WT/
715,235,116,120,159787,0,ATG9,08-Registered,preRapalog_WT/
716,182,116,66,224903,1,ATG9,08-Registered,preRapalog_WT/
717,299,112,188,142027,0,TPD54,10-Registered,preRapalog_WT/
718,235,112,124,177985,1,TPD54,10-Registered,preRapalog_WT/
719,280,125,155,142027,0,ATG9,10-Registered,preRapalog_WT/
720,216,125,91,177985,1,ATG9,10-Registered,preRapalog_WT/
721,205,108,97,182460,0,TPD54,11-Registered,preRapalog_WT/
722,152,108,44,346151,1,TPD54,11-Registered,preRapalog_WT/
723,290,117,173,182460,0,ATG9,11-Registered,preRapalog_WT/
724,222,117,105,346151,1,ATG9,11-Registered,preRapalog_WT/
725,233,110,123,189035,0,TPD54,12-Registered,preRapalog_WT/
726,209,110,99,303195,1,TPD54,12-Registered,preRapalog_WT/
727,317,125,192,189035,0,ATG9,12-Registered,preRapalog_WT/
728,249,125,125,303195,1,ATG9,12-Registered,preRapalog_WT/
729,319,110,209,119089,0,TPD54,16-Registered,preRapalog_WT/
730,272,110,162,150291,1,TPD54,16-Registered,preRapalog_WT/
731,273,130,143,119089,0,ATG9,16-Registered,preRapalog_WT/
732,237,130,106,150291,1,ATG9,16-Registered,preRapalog_WT/
733,298,110,188,251321,0,TPD54,17-Registered,preRapalog_WT/
734,229,110,119,319839,1,TPD54,17-Registered,preRapalog_WT/
735,274,124,151,251321,0,ATG9,17-Registered,preRapalog_WT/
736,207,124,83,319839,1,ATG9,17-Registered,preRapalog_WT/
737,228,106,122,111780,0,TPD54,18-Registered,preRapalog_WT/
738,140,106,34,158383,1,TPD54,18-Registered,preRapalog_WT/
739,280,124,156,111780,0,ATG9,18-Registered,preRapalog_WT/
740,171,124,47,158383,1,ATG9,18-Registered,preRapalog_WT/
741,263,107,156,145288,0,TPD54,19-Registered,preRapalog_WT/
742,216,107,109,192517,1,TPD54,19-Registered,preRapalog_WT/
743,266,118,149,145288,0,ATG9,19-Registered,preRapalog_WT/
744,214,118,96,192517,1,ATG9,19-Registered,preRapalog_WT/
745,221,109,112,183606,0,TPD54,20-Registered,preRapalog_WT/
746,135,109,26,420296,1,TPD54,20-Registered,preRapalog_WT/
747,274,116,158,183606,0,ATG9,20-Registered,preRapalog_WT/
748,150,116,34,420296,1,ATG9,20-Registered,preRapalog_WT/
749,298,113,185,320606,0,TPD54,21-Registered,preRapalog_WT/
750,262,113,150,400314,1,TPD54,21-Registered,preRapalog_WT/
751,360,121,239,320606,0,ATG9,21-Registered,preRapalog_WT/
752,267,121,146,400314,1,ATG9,21-Registered,preRapalog_WT/
753,334,114,221,184089,0,TPD54,25-Registered,preRapalog_WT/
754,277,114,163,303343,1,TPD54,25-Registered,preRapalog_WT/
755,333,121,212,184089,0,ATG9,25-Registered,preRapalog_WT/
756,245,121,124,303343,1,ATG9,25-Registered,preRapalog_WT/
757,404,112,293,275820,0,TPD54,26-Registered,preRapalog_WT/
758,273,112,162,345578,1,TPD54,26-Registered,preRapalog_WT/
759,345,124,220,275820,0,ATG9,26-Registered,preRapalog_WT/
760,243,124,119,345578,1,ATG9,26-Registered,preRapalog_WT/
761,242,112,130,88319,0,TPD54,27-Registered,preRapalog_WT/
762,200,112,88,131139,1,TPD54,27-Registered,preRapalog_WT/
763,316,130,186,88319,0,ATG9,27-Registered,preRapalog_WT/
764,236,130,106,131139,1,ATG9,27-Registered,preRapalog_WT/
765,372,110,262,93127,0,TPD54,28-Registered,preRapalog_WT/
766,245,110,135,167316,1,TPD54,28-Registered,preRapalog_WT/
767,295,122,173,93127,0,ATG9,28-Registered,preRapalog_WT/
768,221,122,99,167316,1,ATG9,28-Registered,preRapalog_WT/
769,236,112,124,146478,0,TPD54,29-Registered,preRapalog_WT/
770,175,112,63,194826,1,TPD54,29-Registered,preRapalog_WT/
771,322,120,203,146478,0,ATG9,29-Registered,preRapalog_WT/
772,225,120,105,194826,1,ATG9,29-Registered,preRapalog_WT/
773,218,110,108,247909,0,TPD54,30-Registered,preRapalog_WT/
774,179,110,69,260942,1,TPD54,30-Registered,preRapalog_WT/
775,297,122,175,247909,0,ATG9,30-Registered,preRapalog_WT/
776,224,122,102,260942,1,ATG9,30-Registered,preRapalog_WT/
777,260,110,150,70067,0,TPD54,31-Registered,preRapalog_WT/
778,227,110,116,72204,1,TPD54,31-Registered,preRapalog_WT/
779,338,130,208,70067,0,ATG9,31-Registered,preRapalog_WT/
780,269,130,139,72204,1,ATG9,31-Registered,preRapalog_WT/
781,341,110,230,204920,0,TPD54,33-Registered,preRapalog_WT/
782,269,110,159,307035,1,TPD54,33-Registered,preRapalog_WT/
783,323,130,193,204920,0,ATG9,33-Registered,preRapalog_WT/
784,247,130,118,307035,1,ATG9,33-Registered,preRapalog_WT/
785,1090,111,979,152052,0,TPD54,34-Registered,preRapalog_WT/
786,584,111,473,169137,1,TPD54,34-Registered,preRapalog_WT/
787,370,120,249,152052,0,ATG9,34-Registered,preRapalog_WT/
788,291,120,170,169137,1,ATG9,34-Registered,preRapalog_WT/
789,489,113,376,307843,0,TPD54,38-Registered,preRapalog_WT/
790,381,113,268,318760,1,TPD54,38-Registered,preRapalog_WT/
791,331,122,209,307843,0,ATG9,38-Registered,preRapalog_WT/
792,251,122,129,318760,1,ATG9,38-Registered,preRapalog_WT/
793,287,110,177,212814,0,TPD54,39-Registered,preRapalog_WT/
794,235,110,124,326468,1,TPD54,39-Registered,preRapalog_WT/
795,332,121,211,212814,0,ATG9,39-Registered,preRapalog_WT/
796,258,121,138,326468,1,ATG9,39-Registered,preRapalog_WT/
797,246,111,135,212845,0,TPD54,40-Registered,preRapalog_WT/
798,217,111,106,317776,1,TPD54,40-Registered,preRapalog_WT/
799,322,120,203,212845,0,ATG9,40-Registered,preRapalog_WT/
800,259,120,139,317776,1,ATG9,40-Registered,preRapalog_WT/
801,220,111,109,116358,0,TPD54,41-Registered,preRapalog_WT/
802,206,111,95,186638,1,TPD54,41-Registered,preRapalog_WT/
803,284,120,164,116358,0,ATG9,41-Registered,preRapalog_WT/
804,231,120,111,186638,1,ATG9,41-Registered,preRapalog_WT/
805,362,111,251,219150,0,TPD54,44-Registered,preRapalog_WT/
806,275,111,164,255376,1,TPD54,44-Registered,preRapalog_WT/
807,332,125,207,219150,0,ATG9,44-Registered,preRapalog_WT/
808,265,125,139,255376,1,ATG9,44-Registered,preRapalog_WT/
809,205,110,95,118980,0,TPD54,45-Registered,preRapalog_WT/
810,181,110,71,147025,1,TPD54,45-Registered,preRapalog_WT/
811,345,129,215,118980,0,ATG9,45-Registered,preRapalog_WT/
812,305,129,175,147025,1,ATG9,45-Registered,preRapalog_WT/
813,273,109,164,90966,0,TPD54,46-Registered,preRapalog_WT/
814,210,109,101,172692,1,TPD54,46-Registered,preRapalog_WT/
815,267,120,148,90966,0,ATG9,46-Registered,preRapalog_WT/
816,209,120,90,172692,1,ATG9,46-Registered,preRapalog_WT/
817,361,110,251,277252,0,TPD54,47-Registered,preRapalog_WT/
818,275,110,166,331654,1,TPD54,47-Registered,preRapalog_WT/
819,314,157,157,277252,0,ATG9,47-Registered,preRapalog_WT/
820,250,157,93,331654,1,ATG9,47-Registered,preRapalog_WT/
821,304,109,194,164587,0,TPD54,48-Registered,preRapalog_WT/
822,265,109,156,188336,1,TPD54,48-Registered,preRapalog_WT/
823,276,133,143,164587,0,ATG9,48-Registered,preRapalog_WT/
824,228,133,95,188336,1,ATG9,48-Registered,preRapalog_WT/
825,341,110,231,216587,0,TPD54,49-Registered,preRapalog_WT/
826,274,110,164,306412,1,TPD54,49-Registered,preRapalog_WT/
827,326,140,187,216587,0,ATG9,49-Registered,preRapalog_WT/
828,257,140,117,306412,1,ATG9,49-Registered,preRapalog_WT/
829,395,117,278,183642,0,TPD54,50-Registered,preRapalog_WT/
830,274,117,157,138844,1,TPD54,50-Registered,preRapalog_WT/
831,375,171,204,183642,0,ATG9,50-Registered,preRapalog_WT/
832,281,171,110,138844,1,ATG9,50-Registered,preRapalog_WT/
